-- phpMyAdmin SQL Dump
-- version 5.2.1
-- https://www.phpmyadmin.net/
--
-- Host: 127.0.0.1
-- Generation Time: Mar 10, 2024 at 03:51 PM
-- Server version: 10.4.28-MariaDB
-- PHP Version: 8.1.17

SET SQL_MODE = "NO_AUTO_VALUE_ON_ZERO";
START TRANSACTION;
SET time_zone = "+00:00";


/*!40101 SET @OLD_CHARACTER_SET_CLIENT=@@CHARACTER_SET_CLIENT */;
/*!40101 SET @OLD_CHARACTER_SET_RESULTS=@@CHARACTER_SET_RESULTS */;
/*!40101 SET @OLD_COLLATION_CONNECTION=@@COLLATION_CONNECTION */;
/*!40101 SET NAMES utf8mb4 */;

--
-- Database: `pokemon_db`
--

-- --------------------------------------------------------

--
-- Table structure for table `cards`
--

CREATE TABLE `cards` (
  `id` int(11) NOT NULL,
  `api_id` varchar(255) NOT NULL,
  `name` varchar(255) NOT NULL,
  `supertype` varchar(100) DEFAULT NULL,
  `subtypes` text DEFAULT NULL,
  `hp` varchar(50) DEFAULT NULL,
  `types` text DEFAULT NULL,
  `series` varchar(255) DEFAULT NULL,
  `release_date` date DEFAULT NULL,
  `symbol_url` varchar(255) DEFAULT NULL,
  `number` varchar(50) DEFAULT NULL,
  `artist` varchar(255) DEFAULT NULL,
  `tcgplayer_id` varchar(255) DEFAULT NULL,
  `cardmarket_id` varchar(255) DEFAULT NULL,
  `normal_price_low` float DEFAULT NULL,
  `normal_price_mid` float DEFAULT NULL,
  `normal_price_high` float DEFAULT NULL,
  `reverse_holo_price_low` float DEFAULT NULL,
  `reverse_holo_price_mid` float DEFAULT NULL,
  `reverse_holo_price_high` float DEFAULT NULL,
  `evolvesFrom` varchar(255) DEFAULT NULL,
  `abilities` text DEFAULT NULL,
  `attacks` text DEFAULT NULL,
  `weaknesses` text DEFAULT NULL,
  `retreatCost` text DEFAULT NULL,
  `set_id` varchar(100) DEFAULT NULL,
  `set_name` varchar(255) DEFAULT NULL,
  `rarity` varchar(100) DEFAULT NULL,
  `flavorText` text DEFAULT NULL,
  `nationalPokedexNumbers` text DEFAULT NULL,
  `image_url` varchar(255) DEFAULT NULL,
  `prices` text DEFAULT NULL,
  `releaseDate` date DEFAULT NULL
) ENGINE=InnoDB DEFAULT CHARSET=utf8mb4 COLLATE=utf8mb4_general_ci;

--
-- Dumping data for table `cards`
--

INSERT INTO `cards` (`id`, `api_id`, `name`, `supertype`, `subtypes`, `hp`, `types`, `series`, `release_date`, `symbol_url`, `number`, `artist`, `tcgplayer_id`, `cardmarket_id`, `normal_price_low`, `normal_price_mid`, `normal_price_high`, `reverse_holo_price_low`, `reverse_holo_price_mid`, `reverse_holo_price_high`, `evolvesFrom`, `abilities`, `attacks`, `weaknesses`, `retreatCost`, `set_id`, `set_name`, `rarity`, `flavorText`, `nationalPokedexNumbers`, `image_url`, `prices`, `releaseDate`) VALUES
(1, 'base1-1', 'Alakazam', NULL, NULL, NULL, NULL, NULL, NULL, NULL, NULL, NULL, NULL, NULL, NULL, NULL, NULL, NULL, NULL, NULL, NULL, NULL, NULL, NULL, NULL, NULL, 'Base', 'Rare Holo', NULL, NULL, 'https://images.pokemontcg.io/base1/1_hires.png', NULL, NULL),
(2, 'base2-3', 'Flareon', NULL, NULL, NULL, NULL, NULL, NULL, NULL, NULL, NULL, NULL, NULL, NULL, NULL, NULL, NULL, NULL, NULL, NULL, NULL, NULL, NULL, NULL, NULL, 'Jungle', 'Rare Holo', NULL, NULL, 'https://images.pokemontcg.io/base2/3_hires.png', NULL, NULL),
(3, 'gym2-84', 'Lt. Surge\'s Pikachu', NULL, NULL, NULL, NULL, NULL, NULL, NULL, NULL, NULL, NULL, NULL, NULL, NULL, NULL, NULL, NULL, NULL, NULL, NULL, NULL, NULL, NULL, NULL, 'Gym Challenge', 'Common', NULL, NULL, 'https://images.pokemontcg.io/gym2/84_hires.png', NULL, NULL),
(4, 'ex6-12', 'Raichu', NULL, NULL, NULL, NULL, NULL, NULL, NULL, NULL, NULL, NULL, NULL, NULL, NULL, NULL, NULL, NULL, NULL, NULL, NULL, NULL, NULL, NULL, NULL, 'FireRed & LeafGreen', 'Rare Holo', NULL, NULL, 'https://images.pokemontcg.io/ex6/12_hires.png', NULL, NULL),
(5, 'base3-1', 'Aerodactyl', NULL, NULL, NULL, NULL, NULL, NULL, NULL, NULL, NULL, NULL, NULL, NULL, NULL, NULL, NULL, NULL, NULL, NULL, NULL, NULL, NULL, NULL, NULL, 'Fossil', 'Rare Holo', NULL, NULL, 'https://images.pokemontcg.io/base3/1_hires.png', NULL, NULL),
(6, 'base2-4', 'Jolteon', NULL, NULL, NULL, NULL, NULL, NULL, NULL, NULL, NULL, NULL, NULL, NULL, NULL, NULL, NULL, NULL, NULL, NULL, NULL, NULL, NULL, NULL, NULL, 'Jungle', 'Rare Holo', NULL, NULL, 'https://images.pokemontcg.io/base2/4_hires.png', NULL, NULL),
(7, 'base1-5', 'Clefairy', NULL, NULL, NULL, NULL, NULL, NULL, NULL, NULL, NULL, NULL, NULL, NULL, NULL, NULL, NULL, NULL, NULL, NULL, NULL, NULL, NULL, NULL, NULL, 'Base', 'Rare Holo', NULL, NULL, 'https://images.pokemontcg.io/base1/5_hires.png', NULL, NULL),
(8, 'base1-2', 'Blastoise', NULL, NULL, NULL, NULL, NULL, NULL, NULL, NULL, NULL, NULL, NULL, NULL, NULL, NULL, NULL, NULL, NULL, NULL, NULL, NULL, NULL, NULL, NULL, 'Base', 'Rare Holo', NULL, NULL, 'https://images.pokemontcg.io/base1/2_hires.png', NULL, NULL),
(9, 'base1-6', 'Gyarados', NULL, NULL, NULL, NULL, NULL, NULL, NULL, NULL, NULL, NULL, NULL, NULL, NULL, NULL, NULL, NULL, NULL, NULL, NULL, NULL, NULL, NULL, NULL, 'Base', 'Rare Holo', NULL, NULL, 'https://images.pokemontcg.io/base1/6_hires.png', NULL, NULL),
(10, 'base1-9', 'Magneton', NULL, NULL, NULL, NULL, NULL, NULL, NULL, NULL, NULL, NULL, NULL, NULL, NULL, NULL, NULL, NULL, NULL, NULL, NULL, NULL, NULL, NULL, NULL, 'Base', 'Rare Holo', NULL, NULL, 'https://images.pokemontcg.io/base1/9_hires.png', NULL, NULL),
(11, 'base1-8', 'Machamp', NULL, NULL, NULL, NULL, NULL, NULL, NULL, NULL, NULL, NULL, NULL, NULL, NULL, NULL, NULL, NULL, NULL, NULL, NULL, NULL, NULL, NULL, NULL, 'Base', 'Rare Holo', NULL, NULL, 'https://images.pokemontcg.io/base1/8_hires.png', NULL, NULL),
(12, 'base2-5', 'Kangaskhan', NULL, NULL, NULL, NULL, NULL, NULL, NULL, NULL, NULL, NULL, NULL, NULL, NULL, NULL, NULL, NULL, NULL, NULL, NULL, NULL, NULL, NULL, NULL, 'Jungle', 'Rare Holo', NULL, NULL, 'https://images.pokemontcg.io/base2/5_hires.png', NULL, NULL),
(13, 'base2-7', 'Nidoqueen', NULL, NULL, NULL, NULL, NULL, NULL, NULL, NULL, NULL, NULL, NULL, NULL, NULL, NULL, NULL, NULL, NULL, NULL, NULL, NULL, NULL, NULL, NULL, 'Jungle', 'Rare Holo', NULL, NULL, 'https://images.pokemontcg.io/base2/7_hires.png', NULL, NULL),
(14, 'base3-3', 'Ditto', NULL, NULL, NULL, NULL, NULL, NULL, NULL, NULL, NULL, NULL, NULL, NULL, NULL, NULL, NULL, NULL, NULL, NULL, NULL, NULL, NULL, NULL, NULL, 'Fossil', 'Rare Holo', NULL, NULL, 'https://images.pokemontcg.io/base3/3_hires.png', NULL, NULL),
(15, 'base3-5', 'Gengar', NULL, NULL, NULL, NULL, NULL, NULL, NULL, NULL, NULL, NULL, NULL, NULL, NULL, NULL, NULL, NULL, NULL, NULL, NULL, NULL, NULL, NULL, NULL, 'Fossil', 'Rare Holo', NULL, NULL, 'https://images.pokemontcg.io/base3/5_hires.png', NULL, NULL),
(16, 'base3-7', 'Hitmonlee', NULL, NULL, NULL, NULL, NULL, NULL, NULL, NULL, NULL, NULL, NULL, NULL, NULL, NULL, NULL, NULL, NULL, NULL, NULL, NULL, NULL, NULL, NULL, 'Fossil', 'Rare Holo', NULL, NULL, 'https://images.pokemontcg.io/base3/7_hires.png', NULL, NULL),
(17, 'base3-9', 'Kabutops', NULL, NULL, NULL, NULL, NULL, NULL, NULL, NULL, NULL, NULL, NULL, NULL, NULL, NULL, NULL, NULL, NULL, NULL, NULL, NULL, NULL, NULL, NULL, 'Fossil', 'Rare Holo', NULL, NULL, 'https://images.pokemontcg.io/base3/9_hires.png', NULL, NULL),
(18, 'base3-11', 'Magneton', NULL, NULL, NULL, NULL, NULL, NULL, NULL, NULL, NULL, NULL, NULL, NULL, NULL, NULL, NULL, NULL, NULL, NULL, NULL, NULL, NULL, NULL, NULL, 'Fossil', 'Rare Holo', NULL, NULL, 'https://images.pokemontcg.io/base3/11_hires.png', NULL, NULL),
(19, 'base3-12', 'Moltres', NULL, NULL, NULL, NULL, NULL, NULL, NULL, NULL, NULL, NULL, NULL, NULL, NULL, NULL, NULL, NULL, NULL, NULL, NULL, NULL, NULL, NULL, NULL, 'Fossil', 'Rare Holo', NULL, NULL, 'https://images.pokemontcg.io/base3/12_hires.png', NULL, NULL),
(20, 'mcd16-3', 'Fennekin', NULL, NULL, NULL, NULL, NULL, NULL, NULL, NULL, NULL, NULL, NULL, NULL, NULL, NULL, NULL, NULL, NULL, NULL, NULL, NULL, NULL, NULL, NULL, 'McDonald\'s Collection 2016', NULL, NULL, NULL, 'https://images.pokemontcg.io/mcd16/3_hires.png', NULL, NULL),
(21, 'mcd16-6', 'Pikachu', NULL, NULL, NULL, NULL, NULL, NULL, NULL, NULL, NULL, NULL, NULL, NULL, NULL, NULL, NULL, NULL, NULL, NULL, NULL, NULL, NULL, NULL, NULL, 'McDonald\'s Collection 2016', NULL, NULL, NULL, 'https://images.pokemontcg.io/mcd16/6_hires.png', NULL, NULL),
(22, 'base2-2', 'Electrode', NULL, NULL, NULL, NULL, NULL, NULL, NULL, NULL, NULL, NULL, NULL, NULL, NULL, NULL, NULL, NULL, NULL, NULL, NULL, NULL, NULL, NULL, NULL, 'Jungle', 'Rare Holo', NULL, NULL, 'https://images.pokemontcg.io/base2/2_hires.png', NULL, NULL),
(23, 'base3-2', 'Articuno', NULL, NULL, NULL, NULL, NULL, NULL, NULL, NULL, NULL, NULL, NULL, NULL, NULL, NULL, NULL, NULL, NULL, NULL, NULL, NULL, NULL, NULL, NULL, 'Fossil', 'Rare Holo', NULL, NULL, 'https://images.pokemontcg.io/base3/2_hires.png', NULL, NULL),
(24, 'base3-4', 'Dragonite', NULL, NULL, NULL, NULL, NULL, NULL, NULL, NULL, NULL, NULL, NULL, NULL, NULL, NULL, NULL, NULL, NULL, NULL, NULL, NULL, NULL, NULL, NULL, 'Fossil', 'Rare Holo', NULL, NULL, 'https://images.pokemontcg.io/base3/4_hires.png', NULL, NULL),
(25, 'base3-6', 'Haunter', NULL, NULL, NULL, NULL, NULL, NULL, NULL, NULL, NULL, NULL, NULL, NULL, NULL, NULL, NULL, NULL, NULL, NULL, NULL, NULL, NULL, NULL, NULL, 'Fossil', 'Rare Holo', NULL, NULL, 'https://images.pokemontcg.io/base3/6_hires.png', NULL, NULL),
(26, 'base3-8', 'Hypno', NULL, NULL, NULL, NULL, NULL, NULL, NULL, NULL, NULL, NULL, NULL, NULL, NULL, NULL, NULL, NULL, NULL, NULL, NULL, NULL, NULL, NULL, NULL, 'Fossil', 'Rare Holo', NULL, NULL, 'https://images.pokemontcg.io/base3/8_hires.png', NULL, NULL),
(27, 'base1-4', 'Charizard', NULL, NULL, NULL, NULL, NULL, NULL, NULL, NULL, NULL, NULL, NULL, NULL, NULL, NULL, NULL, NULL, NULL, NULL, NULL, NULL, NULL, NULL, NULL, 'Base', 'Rare Holo', NULL, NULL, 'https://images.pokemontcg.io/base1/4_hires.png', NULL, NULL),
(28, 'base1-3', 'Chansey', NULL, NULL, NULL, NULL, NULL, NULL, NULL, NULL, NULL, NULL, NULL, NULL, NULL, NULL, NULL, NULL, NULL, NULL, NULL, NULL, NULL, NULL, NULL, 'Base', 'Rare Holo', NULL, NULL, 'https://images.pokemontcg.io/base1/3_hires.png', NULL, NULL),
(29, 'base1-7', 'Hitmonchan', NULL, NULL, NULL, NULL, NULL, NULL, NULL, NULL, NULL, NULL, NULL, NULL, NULL, NULL, NULL, NULL, NULL, NULL, NULL, NULL, NULL, NULL, NULL, 'Base', 'Rare Holo', NULL, NULL, 'https://images.pokemontcg.io/base1/7_hires.png', NULL, NULL),
(30, 'base1-12', 'Ninetales', NULL, NULL, NULL, NULL, NULL, NULL, NULL, NULL, NULL, NULL, NULL, NULL, NULL, NULL, NULL, NULL, NULL, NULL, NULL, NULL, NULL, NULL, NULL, 'Base', 'Rare Holo', NULL, NULL, 'https://images.pokemontcg.io/base1/12_hires.png', NULL, NULL),
(31, 'base1-11', 'Nidoking', NULL, NULL, NULL, NULL, NULL, NULL, NULL, NULL, NULL, NULL, NULL, NULL, NULL, NULL, NULL, NULL, NULL, NULL, NULL, NULL, NULL, NULL, NULL, 'Base', 'Rare Holo', NULL, NULL, 'https://images.pokemontcg.io/base1/11_hires.png', NULL, NULL),
(32, 'base1-10', 'Mewtwo', NULL, NULL, NULL, NULL, NULL, NULL, NULL, NULL, NULL, NULL, NULL, NULL, NULL, NULL, NULL, NULL, NULL, NULL, NULL, NULL, NULL, NULL, NULL, 'Base', 'Rare Holo', NULL, NULL, 'https://images.pokemontcg.io/base1/10_hires.png', NULL, NULL),
(33, 'base1-15', 'Venusaur', NULL, NULL, NULL, NULL, NULL, NULL, NULL, NULL, NULL, NULL, NULL, NULL, NULL, NULL, NULL, NULL, NULL, NULL, NULL, NULL, NULL, NULL, NULL, 'Base', 'Rare Holo', NULL, NULL, 'https://images.pokemontcg.io/base1/15_hires.png', NULL, NULL),
(34, 'base1-23', 'Arcanine', NULL, NULL, NULL, 'Fire', NULL, NULL, NULL, NULL, NULL, NULL, NULL, NULL, NULL, NULL, NULL, NULL, NULL, NULL, NULL, NULL, NULL, NULL, NULL, 'Base', 'Uncommon', NULL, NULL, 'https://images.pokemontcg.io/base1/23_hires.png', NULL, NULL),
(35, 'base2-1', 'Clefable', NULL, NULL, NULL, 'Colorless', NULL, NULL, NULL, NULL, NULL, NULL, NULL, NULL, NULL, NULL, NULL, NULL, NULL, NULL, NULL, NULL, NULL, NULL, NULL, 'Jungle', 'Rare Holo', NULL, NULL, 'https://images.pokemontcg.io/base2/1_hires.png', NULL, NULL),
(36, 'base1-13', 'Poliwrath', NULL, NULL, NULL, 'Water', NULL, NULL, NULL, NULL, NULL, NULL, NULL, NULL, NULL, NULL, NULL, NULL, NULL, NULL, NULL, NULL, NULL, NULL, NULL, 'Base', 'Rare Holo', NULL, NULL, 'https://images.pokemontcg.io/base1/13_hires.png', NULL, NULL),
(37, 'neo2-1', 'Espeon', NULL, NULL, NULL, 'Psychic', NULL, NULL, NULL, NULL, NULL, NULL, NULL, NULL, NULL, NULL, NULL, NULL, NULL, NULL, NULL, NULL, NULL, NULL, NULL, 'Neo Discovery', 'Rare Holo', NULL, NULL, 'https://images.pokemontcg.io/neo2/1_hires.png', NULL, NULL),
(38, 'base4-4', 'Charizard', NULL, NULL, NULL, 'Fire', NULL, NULL, NULL, NULL, NULL, NULL, NULL, NULL, NULL, NULL, NULL, NULL, NULL, NULL, NULL, NULL, NULL, NULL, NULL, 'Base Set 2', 'Rare Holo', NULL, NULL, 'https://images.pokemontcg.io/base4/4_hires.png', NULL, NULL),
(39, 'base1-44', 'Bulbasaur', NULL, NULL, NULL, 'Grass', NULL, NULL, NULL, NULL, NULL, NULL, NULL, NULL, NULL, NULL, NULL, NULL, NULL, NULL, NULL, NULL, NULL, NULL, NULL, 'Base', 'Common', NULL, NULL, 'https://images.pokemontcg.io/base1/44_hires.png', NULL, NULL),
(40, 'base1-30', 'Ivysaur', NULL, NULL, NULL, 'Grass', NULL, NULL, NULL, NULL, NULL, NULL, NULL, NULL, NULL, NULL, NULL, NULL, NULL, NULL, NULL, NULL, NULL, NULL, NULL, 'Base', 'Uncommon', NULL, NULL, 'https://images.pokemontcg.io/base1/30_hires.png', NULL, NULL),
(41, 'base1-24', 'Charmeleon', NULL, NULL, NULL, 'Fire', NULL, NULL, NULL, NULL, NULL, NULL, NULL, NULL, NULL, NULL, NULL, NULL, NULL, NULL, NULL, NULL, NULL, NULL, NULL, 'Base', 'Uncommon', NULL, NULL, 'https://images.pokemontcg.io/base1/24_hires.png', NULL, NULL),
(42, 'base1-46', 'Charmander', NULL, NULL, NULL, 'Fire', NULL, NULL, NULL, NULL, NULL, NULL, NULL, NULL, NULL, NULL, NULL, NULL, NULL, NULL, NULL, NULL, NULL, NULL, NULL, 'Base', 'Common', NULL, NULL, 'https://images.pokemontcg.io/base1/46_hires.png', NULL, NULL),
(43, 'base1-42', 'Wartortle', NULL, NULL, NULL, 'Water', NULL, NULL, NULL, NULL, NULL, NULL, NULL, NULL, NULL, NULL, NULL, NULL, NULL, NULL, NULL, NULL, NULL, NULL, NULL, 'Base', 'Uncommon', NULL, NULL, 'https://images.pokemontcg.io/base1/42_hires.png', NULL, NULL),
(44, 'base1-63', 'Squirtle', NULL, NULL, NULL, 'Water', NULL, NULL, NULL, NULL, NULL, NULL, NULL, NULL, NULL, NULL, NULL, NULL, NULL, NULL, NULL, NULL, NULL, NULL, NULL, 'Base', 'Common', NULL, NULL, 'https://images.pokemontcg.io/base1/63_hires.png', NULL, NULL),
(45, 'base2-8', 'Pidgeot', NULL, NULL, NULL, 'Colorless', NULL, NULL, NULL, NULL, NULL, NULL, NULL, NULL, NULL, NULL, NULL, NULL, NULL, NULL, NULL, NULL, NULL, NULL, NULL, 'Jungle', 'Rare Holo', NULL, NULL, 'https://images.pokemontcg.io/base2/8_hires.png', NULL, NULL),
(46, 'base1-45', 'Caterpie', NULL, NULL, NULL, 'Grass', NULL, NULL, NULL, NULL, NULL, NULL, NULL, NULL, NULL, NULL, NULL, NULL, NULL, NULL, NULL, NULL, NULL, NULL, NULL, 'Base', 'Common', NULL, NULL, 'https://images.pokemontcg.io/base1/45_hires.png', NULL, NULL),
(47, 'base1-54', 'Metapod', NULL, NULL, NULL, 'Grass', NULL, NULL, NULL, NULL, NULL, NULL, NULL, NULL, NULL, NULL, NULL, NULL, NULL, NULL, NULL, NULL, NULL, NULL, NULL, 'Base', 'Common', NULL, NULL, 'https://images.pokemontcg.io/base1/54_hires.png', NULL, NULL),
(48, 'xy5-145', 'Trevenant-EX', NULL, NULL, NULL, 'Grass', NULL, NULL, NULL, NULL, NULL, NULL, NULL, NULL, NULL, NULL, NULL, NULL, NULL, NULL, NULL, NULL, NULL, NULL, NULL, 'Primal Clash', 'Rare Ultra', NULL, NULL, 'https://images.pokemontcg.io/xy5/145_hires.png', NULL, NULL),
(49, 'base4-1', 'Alakazam', NULL, NULL, NULL, 'Psychic', NULL, NULL, NULL, NULL, NULL, NULL, NULL, NULL, NULL, NULL, NULL, NULL, NULL, NULL, NULL, NULL, NULL, NULL, NULL, 'Base Set 2', 'Rare Holo', NULL, NULL, 'https://images.pokemontcg.io/base4/1_hires.png', NULL, NULL),
(50, 'basep-1', 'Pikachu', NULL, NULL, NULL, 'Lightning', NULL, NULL, NULL, NULL, NULL, NULL, NULL, NULL, NULL, NULL, NULL, NULL, NULL, NULL, NULL, NULL, NULL, NULL, NULL, 'Wizards Black Star Promos', 'Promo', NULL, NULL, 'https://images.pokemontcg.io/basep/1_hires.png', NULL, NULL),
(51, 'ecard1-1', 'Alakazam', NULL, NULL, NULL, 'Psychic', NULL, NULL, NULL, NULL, NULL, NULL, NULL, NULL, NULL, NULL, NULL, NULL, NULL, NULL, NULL, NULL, NULL, NULL, NULL, 'Expedition Base Set', 'Rare Holo', NULL, NULL, 'https://images.pokemontcg.io/ecard1/1_hires.png', NULL, NULL),
(52, 'ecard3-H1', 'Alakazam', NULL, NULL, NULL, 'Psychic', NULL, NULL, NULL, NULL, NULL, NULL, NULL, NULL, NULL, NULL, NULL, NULL, NULL, NULL, NULL, NULL, NULL, NULL, NULL, 'Skyridge', 'Rare Holo', NULL, NULL, 'https://images.pokemontcg.io/ecard3/H1_hires.png', NULL, NULL),
(53, 'ecard3-H3', 'Articuno', NULL, NULL, NULL, 'Water', NULL, NULL, NULL, NULL, NULL, NULL, NULL, NULL, NULL, NULL, NULL, NULL, NULL, NULL, NULL, NULL, NULL, NULL, NULL, 'Skyridge', 'Rare Holo', NULL, NULL, 'https://images.pokemontcg.io/ecard3/H3_hires.png', NULL, NULL),
(54, 'ecard3-H2', 'Arcanine', NULL, NULL, NULL, 'Fire', NULL, NULL, NULL, NULL, NULL, NULL, NULL, NULL, NULL, NULL, NULL, NULL, NULL, NULL, NULL, NULL, NULL, NULL, NULL, 'Skyridge', 'Rare Holo', NULL, NULL, 'https://images.pokemontcg.io/ecard3/H2_hires.png', NULL, NULL),
(55, 'ecard3-H4', 'Beedrill', NULL, NULL, NULL, 'Grass', NULL, NULL, NULL, NULL, NULL, NULL, NULL, NULL, NULL, NULL, NULL, NULL, NULL, NULL, NULL, NULL, NULL, NULL, NULL, 'Skyridge', 'Rare Holo', NULL, NULL, 'https://images.pokemontcg.io/ecard3/H4_hires.png', NULL, NULL),
(56, 'ex1-1', 'Aggron', NULL, NULL, NULL, 'Metal', NULL, NULL, NULL, NULL, NULL, NULL, NULL, NULL, NULL, NULL, NULL, NULL, NULL, NULL, NULL, NULL, NULL, NULL, NULL, 'Ruby & Sapphire', 'Rare Holo', NULL, NULL, 'https://images.pokemontcg.io/ex1/1_hires.png', NULL, NULL),
(57, 'ex1-2', 'Beautifly', NULL, NULL, NULL, 'Grass', NULL, NULL, NULL, NULL, NULL, NULL, NULL, NULL, NULL, NULL, NULL, NULL, NULL, NULL, NULL, NULL, NULL, NULL, NULL, 'Ruby & Sapphire', 'Rare Holo', NULL, NULL, 'https://images.pokemontcg.io/ex1/2_hires.png', NULL, NULL),
(58, 'ex3-1', 'Absol', NULL, NULL, NULL, 'Darkness', NULL, NULL, NULL, NULL, NULL, NULL, NULL, NULL, NULL, NULL, NULL, NULL, NULL, NULL, NULL, NULL, NULL, NULL, NULL, 'Dragon', 'Rare Holo', NULL, NULL, 'https://images.pokemontcg.io/ex3/1_hires.png', NULL, NULL),
(59, 'neo1-1', 'Ampharos', NULL, NULL, NULL, 'Lightning', NULL, NULL, NULL, NULL, NULL, NULL, NULL, NULL, NULL, NULL, NULL, NULL, NULL, NULL, NULL, NULL, NULL, NULL, NULL, 'Neo Genesis', 'Rare Holo', NULL, NULL, 'https://images.pokemontcg.io/neo1/1_hires.png', NULL, NULL),
(60, 'ex4-39', 'Bulbasaur', NULL, NULL, NULL, 'Grass', NULL, NULL, NULL, NULL, NULL, NULL, NULL, NULL, NULL, NULL, NULL, NULL, NULL, NULL, NULL, NULL, NULL, NULL, NULL, 'Team Magma vs Team Aqua', 'Common', NULL, NULL, 'https://images.pokemontcg.io/ex4/39_hires.png', NULL, NULL),
(61, 'ex14-45', 'Bulbasaur', NULL, NULL, NULL, 'Grass', NULL, NULL, NULL, NULL, NULL, NULL, NULL, NULL, NULL, NULL, NULL, NULL, NULL, NULL, NULL, NULL, NULL, NULL, NULL, 'Crystal Guardians', 'Common', NULL, NULL, 'https://images.pokemontcg.io/ex14/45_hires.png', NULL, NULL),
(62, 'ecard2-H1', 'Ampharos', NULL, NULL, NULL, 'Lightning', NULL, NULL, NULL, NULL, NULL, NULL, NULL, NULL, NULL, NULL, NULL, NULL, NULL, NULL, NULL, NULL, NULL, NULL, NULL, 'Aquapolis', 'Rare Holo', NULL, NULL, 'https://images.pokemontcg.io/ecard2/H1_hires.png', NULL, NULL),
(63, 'gym1-1', 'Blaine\'s Moltres', NULL, NULL, NULL, 'Fire', NULL, NULL, NULL, NULL, NULL, NULL, NULL, NULL, NULL, NULL, NULL, NULL, NULL, NULL, NULL, NULL, NULL, NULL, NULL, 'Gym Heroes', 'Rare Holo', NULL, NULL, 'https://images.pokemontcg.io/gym1/1_hires.png', NULL, NULL),
(64, 'ex11-1', 'Beedrill δ', NULL, NULL, NULL, 'Grass,Metal', NULL, NULL, NULL, NULL, NULL, NULL, NULL, NULL, NULL, NULL, NULL, NULL, NULL, NULL, NULL, NULL, NULL, NULL, NULL, 'Delta Species', 'Rare Holo', NULL, NULL, 'https://images.pokemontcg.io/ex11/1_hires.png', NULL, NULL),
(65, 'base4-3', 'Chansey', NULL, NULL, NULL, 'Colorless', NULL, NULL, NULL, NULL, NULL, NULL, NULL, NULL, NULL, NULL, NULL, NULL, NULL, NULL, NULL, NULL, NULL, NULL, NULL, 'Base Set 2', 'Rare Holo', NULL, NULL, 'https://images.pokemontcg.io/base4/3_hires.png', NULL, NULL),
(66, 'si1-1', 'Mew', NULL, NULL, NULL, 'Psychic', NULL, NULL, NULL, NULL, NULL, NULL, NULL, NULL, NULL, NULL, NULL, NULL, NULL, NULL, NULL, NULL, NULL, NULL, NULL, 'Southern Islands', NULL, NULL, NULL, 'https://images.pokemontcg.io/si1/1_hires.png', NULL, NULL),
(67, 'ex3-2', 'Altaria', NULL, NULL, NULL, 'Colorless', NULL, NULL, NULL, NULL, NULL, NULL, NULL, NULL, NULL, NULL, NULL, NULL, NULL, NULL, NULL, NULL, NULL, NULL, NULL, 'Dragon', 'Rare Holo', NULL, NULL, 'https://images.pokemontcg.io/ex3/2_hires.png', NULL, NULL),
(68, 'neo1-4', 'Feraligatr', NULL, NULL, NULL, 'Water', NULL, NULL, NULL, NULL, NULL, NULL, NULL, NULL, NULL, NULL, NULL, NULL, NULL, NULL, NULL, NULL, NULL, NULL, NULL, 'Neo Genesis', 'Rare Holo', NULL, NULL, 'https://images.pokemontcg.io/neo1/4_hires.png', NULL, NULL),
(69, 'neo1-2', 'Azumarill', NULL, NULL, NULL, 'Water', NULL, NULL, NULL, NULL, NULL, NULL, NULL, NULL, NULL, NULL, NULL, NULL, NULL, NULL, NULL, NULL, NULL, NULL, NULL, 'Neo Genesis', 'Rare Holo', NULL, NULL, 'https://images.pokemontcg.io/neo1/2_hires.png', NULL, NULL);

-- --------------------------------------------------------

--
-- Table structure for table `collection`
--

CREATE TABLE `collection` (
  `user_id` int(11) NOT NULL,
  `card_id` int(11) NOT NULL,
  `condition` varchar(50) NOT NULL
) ENGINE=InnoDB DEFAULT CHARSET=utf8mb4 COLLATE=utf8mb4_general_ci;

--
-- Dumping data for table `collection`
--

INSERT INTO `collection` (`user_id`, `card_id`, `condition`) VALUES
(13, 5, 'Mint'),
(13, 49, 'Mint'),
(13, 63, 'Mint'),
(25, 68, 'Mint');

-- --------------------------------------------------------

--
-- Table structure for table `mtg_cards`
--

CREATE TABLE `mtg_cards` (
  `id` varchar(36) NOT NULL,
  `name` varchar(255) NOT NULL,
  `mana_cost` varchar(50) DEFAULT NULL,
  `cmc` float DEFAULT NULL,
  `type_line` varchar(255) DEFAULT NULL,
  `oracle_text` text DEFAULT NULL,
  `colors` varchar(50) DEFAULT NULL,
  `color_identity` varchar(50) DEFAULT NULL,
  `set_name` varchar(100) DEFAULT NULL,
  `rarity` varchar(50) DEFAULT NULL,
  `image_url` varchar(255) DEFAULT NULL,
  `multiverse_id` int(11) DEFAULT NULL
) ENGINE=InnoDB DEFAULT CHARSET=utf8mb4 COLLATE=utf8mb4_general_ci;

--
-- Dumping data for table `mtg_cards`
--

INSERT INTO `mtg_cards` (`id`, `name`, `mana_cost`, `cmc`, `type_line`, `oracle_text`, `colors`, `color_identity`, `set_name`, `rarity`, `image_url`, `multiverse_id`) VALUES
('0d1f7fb7-3831-5b3a-94a6-2709881250df', 'Auriok Champion', '{W}{W}', NULL, NULL, NULL, NULL, NULL, '5DN', 'Rare', 'http://gatherer.wizards.com/Handlers/Image.ashx?multiverseid=72921&type=card', NULL),
('14e24424-15a0-5b28-817f-de8c72748469', 'Kozilek, Butcher of Truth', '{10}', NULL, NULL, NULL, NULL, NULL, '2X2', 'Mythic', 'http://gatherer.wizards.com/Handlers/Image.ashx?multiverseid=571335&type=card', NULL),
('1ba5c10c-b45e-5151-96bf-2f3d158c2985', 'Ardent Militia', '{4}{W}', NULL, NULL, NULL, NULL, NULL, '7ED', 'Uncommon', 'http://gatherer.wizards.com/Handlers/Image.ashx?multiverseid=13016&type=card', NULL),
('2147483647', 'Holy Strength', '{W}', NULL, NULL, NULL, NULL, NULL, '10E', 'Common', NULL, NULL),
('261c0ce9-13d9-58e2-922b-d4068ff4d743', 'Skyhunter Skirmisher', '{1}{W}{W}', NULL, NULL, NULL, NULL, NULL, '10E', 'Uncommon', 'http://gatherer.wizards.com/Handlers/Image.ashx?multiverseid=129513&type=card', NULL),
('3', 'Angelic Chorus', '{3}{W}{W}', NULL, NULL, NULL, NULL, NULL, '10E', 'Rare', 'http://gatherer.wizards.com/Handlers/Image.ashx?multiverseid=129710&type=card', NULL),
('454b109d-f148-5f55-a5a0-7316e013e8fa', 'Ainok Bond-Kin', '{1}{W}', NULL, NULL, NULL, NULL, NULL, '2X2', 'Common', 'http://gatherer.wizards.com/Handlers/Image.ashx?multiverseid=571338&type=card', NULL),
('4b64f4bb-21d6-5ec8-ac5c-a4aa0ca6f553', 'Radiant Solar', '{5}{W}', NULL, NULL, NULL, NULL, NULL, 'AFC', 'Rare', 'http://gatherer.wizards.com/Handlers/Image.ashx?multiverseid=531914&type=card', NULL),
('5', 'Ancestor\'s Chosen', NULL, NULL, NULL, NULL, NULL, NULL, NULL, 'Uncommon', NULL, NULL),
('55', 'Angelic Blessing', NULL, NULL, NULL, NULL, NULL, NULL, NULL, 'Common', NULL, NULL),
('55bd38ca-dc73-5c06-8f80-a6ddd2f44382', 'Angelic Blessing', '{2}{W}', NULL, NULL, NULL, NULL, NULL, '10E', 'Common', 'http://gatherer.wizards.com/Handlers/Image.ashx?multiverseid=129711&type=card', NULL),
('57', 'Angel of Mercy', NULL, NULL, NULL, NULL, NULL, NULL, NULL, 'Uncommon', NULL, NULL),
('571035bf-2c99-5b1d-9813-b2d4fbdf8dad', 'Abyssal Specter', '{2}{B}{B}', NULL, NULL, NULL, NULL, NULL, 'BRB', 'Uncommon', 'http://gatherer.wizards.com/Handlers/Image.ashx?multiverseid=21167&type=card', NULL),
('57aaebc1-850c-503d-9f6e-bb8d00d8bf7c', 'Angel of Mercy', '{4}{W}', NULL, NULL, NULL, NULL, NULL, '10E', 'Uncommon', 'http://gatherer.wizards.com/Handlers/Image.ashx?multiverseid=129465&type=card', NULL),
('58', 'Angelic Wall', '{1}{W}', NULL, NULL, NULL, NULL, NULL, '10E', 'Common', 'http://gatherer.wizards.com/Handlers/Image.ashx?multiverseid=129671&type=card', NULL),
('5f8287b1-5bb6-5f4c-ad17-316a40d5bb0c', 'Ancestor\'s Chosen', '{5}{W}{W}', NULL, NULL, NULL, NULL, NULL, '10E', 'Uncommon', 'http://gatherer.wizards.com/Handlers/Image.ashx?multiverseid=130550&type=card', NULL),
('60', 'Angelic Wall', '{1}{W}', NULL, NULL, NULL, NULL, NULL, '10E', 'Common', NULL, NULL),
('664e694d-acf8-5937-b1ca-9ce8ce48762c', 'Ulamog, the Infinite Gyre', '{11}', NULL, NULL, NULL, NULL, NULL, '2X2', 'Mythic', 'http://gatherer.wizards.com/Handlers/Image.ashx?multiverseid=571336&type=card', NULL),
('668', 'Field Marshal', '{1}{W}{W}', NULL, NULL, NULL, NULL, NULL, '10E', 'Rare', 'http://gatherer.wizards.com/Handlers/Image.ashx?multiverseid=135258&type=card', NULL),
('6b31b436-0e4c-56aa-b8f4-73a46abb0f33', 'Alabaster Mage', '{1}{W}', NULL, NULL, NULL, NULL, NULL, '2XM', 'Common', 'http://gatherer.wizards.com/Handlers/Image.ashx?multiverseid=489675&type=card', NULL),
('6d268c95-c176-5766-9a46-c14f739aba1c', 'Bandage', '{W}', NULL, NULL, NULL, NULL, NULL, '10E', 'Common', 'http://gatherer.wizards.com/Handlers/Image.ashx?multiverseid=132106&type=card', NULL),
('7', 'Condemn', '{W}', NULL, NULL, NULL, NULL, NULL, '10E', 'Uncommon', 'http://gatherer.wizards.com/Handlers/Image.ashx?multiverseid=130528&type=card', NULL),
('8', 'Aven Cloudchaser', '{3}{W}', NULL, NULL, NULL, NULL, NULL, '10E', 'Common', 'http://gatherer.wizards.com/Handlers/Image.ashx?multiverseid=129470&type=card', NULL),
('81', 'Cho-Manno, Revolutionary', '{2}{W}{W}', NULL, NULL, NULL, NULL, NULL, '10E', 'Rare', 'http://gatherer.wizards.com/Handlers/Image.ashx?multiverseid=130554&type=card', NULL),
('814', 'Voice of All', '{2}{W}{W}', NULL, NULL, NULL, NULL, NULL, '10E', 'Rare', 'http://gatherer.wizards.com/Handlers/Image.ashx?multiverseid=136290&type=card', NULL),
('815', 'Wall of Swords', '{3}{W}', NULL, NULL, NULL, NULL, NULL, '10E', 'Uncommon', 'http://gatherer.wizards.com/Handlers/Image.ashx?multiverseid=132120&type=card', NULL),
('816', 'Ancestor\'s Chosen', '{5}{W}{W}', NULL, NULL, NULL, NULL, NULL, '10E', 'Uncommon', NULL, NULL),
('8732b0a8-0c4e-5179-9855-d139dbad85c2', 'Venerable Monk', '{2}{W}', NULL, NULL, NULL, NULL, NULL, '10E', 'Common', 'http://gatherer.wizards.com/Handlers/Image.ashx?multiverseid=129786&type=card', NULL),
('8b18a63d-e741-5c34-a2b5-8b119bb77ede', 'Ancestral Blade', '{1}{W}', NULL, NULL, NULL, NULL, NULL, '2XM', 'Common', 'http://gatherer.wizards.com/Handlers/Image.ashx?multiverseid=489676&type=card', NULL),
('8fd4e2eb-3eb4-50ea-856b-ef638fa47f8a', 'Angel of Mercy', '{4}{W}', NULL, NULL, NULL, NULL, NULL, '10E', 'Uncommon', NULL, NULL),
('97ab0c37-14e0-542a-adcc-fb1cbfd6f19d', 'Aeronaut Admiral', '{3}{W}', NULL, NULL, NULL, NULL, NULL, 'AER', 'Uncommon', 'http://gatherer.wizards.com/Handlers/Image.ashx?multiverseid=423669&type=card', NULL),
('ab55424f-58d5-5d9b-bc0d-01e9368aa5f1', 'Angelic Page', '{1}{W}', NULL, NULL, NULL, NULL, NULL, '7ED', 'Common', NULL, NULL),
('b409c487-3607-5611-b979-edca1be89ec0', 'Dispeller\'s Capsule', '{W}', NULL, NULL, NULL, NULL, NULL, 'ALA', 'Common', 'http://gatherer.wizards.com/Handlers/Image.ashx?multiverseid=174830&type=card', NULL),
('b422cc1e-3720-53d7-8d33-1e0e37900034', 'Sefris of the Hidden Ways', '{W}{U}{B}', NULL, NULL, NULL, NULL, NULL, 'AFC', 'Mythic', 'http://gatherer.wizards.com/Handlers/Image.ashx?multiverseid=531832&type=card', NULL),
('b7c19924-b4bf-56fc-aa73-f586e940bd42', 'Ancestor\'s Chosen', '{5}{W}{W}', NULL, NULL, NULL, NULL, NULL, '10E', 'Uncommon', NULL, NULL),
('c2f14044-9be3-562a-b06f-7d288032b109', 'Advance Scout', '{1}{W}', NULL, NULL, NULL, NULL, NULL, 'BRB', 'Common', 'http://gatherer.wizards.com/Handlers/Image.ashx?multiverseid=21186&type=card', NULL),
('cfe05eff-7428-53ef-afc8-788ef5964925', 'Angelic Page', '{1}{W}', NULL, NULL, NULL, NULL, NULL, '7ED', 'Common', 'http://gatherer.wizards.com/Handlers/Image.ashx?multiverseid=25546&type=card', NULL),
('dd2af968-b944-551b-9833-c7aab9ad6484', 'Abuna\'s Chant', '{3}{W}', NULL, NULL, NULL, NULL, NULL, '5DN', 'Common', 'http://gatherer.wizards.com/Handlers/Image.ashx?multiverseid=50164&type=card', NULL),
('e5fa76e0-e10e-5eec-b6ac-8bb6549dd233', 'Archangel of Thune', '{3}{W}{W}', NULL, NULL, NULL, NULL, NULL, '2XM', 'Mythic', 'http://gatherer.wizards.com/Handlers/Image.ashx?multiverseid=489678&type=card', NULL),
('eee00aa2-c730-5ff1-84a9-51d95a9fe180', 'Rule of Law', '{2}{W}', NULL, NULL, NULL, NULL, NULL, '10E', 'Uncommon', 'http://gatherer.wizards.com/Handlers/Image.ashx?multiverseid=136291&type=card', NULL),
('efe6103c-6a3e-5ed0-a689-81a2efe4273b', 'Luminesce', '{W}', NULL, NULL, NULL, NULL, NULL, '10E', 'Uncommon', 'http://gatherer.wizards.com/Handlers/Image.ashx?multiverseid=129912&type=card', NULL),
('fac6ad26-f8c2-51bd-9f6a-a1b0940b4cef', 'Aura of Silence', '{1}{W}{W}', NULL, NULL, NULL, NULL, NULL, '10E', 'Uncommon', 'http://gatherer.wizards.com/Handlers/Image.ashx?multiverseid=132127&type=card', NULL),
('fadda48c-6226-5ac5-a2b9-e9170d2017cd', 'Angelic Wall', '{1}{W}', NULL, NULL, NULL, NULL, NULL, '10E', 'Common', 'http://gatherer.wizards.com/Handlers/Image.ashx?multiverseid=129671&type=card', NULL),
('fc5dff7e-489f-5a42-bf3f-926985aaef4a', 'Karn Liberated', '{7}', NULL, NULL, NULL, NULL, NULL, '2XM', 'Mythic', 'http://gatherer.wizards.com/Handlers/Image.ashx?multiverseid=489674&type=card', NULL);

-- --------------------------------------------------------

--
-- Table structure for table `mtg_collections`
--

CREATE TABLE `mtg_collections` (
  `id` int(11) NOT NULL,
  `user_id` int(11) NOT NULL,
  `card_id` varchar(36) DEFAULT NULL,
  `added_at` datetime DEFAULT current_timestamp()
) ENGINE=InnoDB DEFAULT CHARSET=utf8mb4 COLLATE=utf8mb4_general_ci;

--
-- Dumping data for table `mtg_collections`
--

INSERT INTO `mtg_collections` (`id`, `user_id`, `card_id`, `added_at`) VALUES
(28, 8, '0d1f7fb7-3831-5b3a-94a6-2709881250df', '2024-03-03 13:27:04'),
(30, 8, '4b64f4bb-21d6-5ec8-ac5c-a4aa0ca6f553', '2024-03-03 13:27:50'),
(40, 25, 'fc5dff7e-489f-5a42-bf3f-926985aaef4a', '2024-03-07 23:46:36'),
(41, 25, '6b31b436-0e4c-56aa-b8f4-73a46abb0f33', '2024-03-07 23:46:39'),
(44, 25, '5f8287b1-5bb6-5f4c-ad17-316a40d5bb0c', '2024-03-08 18:15:57'),
(45, 25, 'b7c19924-b4bf-56fc-aa73-f586e940bd42', '2024-03-08 18:15:59');

-- --------------------------------------------------------

--
-- Table structure for table `neopets_collection`
--

CREATE TABLE `neopets_collection` (
  `id` int(11) NOT NULL,
  `user_id` int(11) NOT NULL,
  `neopet_card_id` int(11) NOT NULL
) ENGINE=InnoDB DEFAULT CHARSET=utf8mb4 COLLATE=utf8mb4_general_ci;

--
-- Dumping data for table `neopets_collection`
--

INSERT INTO `neopets_collection` (`id`, `user_id`, `neopet_card_id`) VALUES
(75, 8, 4),
(76, 8, 6),
(77, 8, 33),
(78, 8, 658),
(72, 8, 669),
(80, 8, 751),
(79, 8, 771),
(73, 8, 910),
(74, 8, 928),
(85, 13, 1),
(86, 13, 2),
(87, 13, 3),
(95, 25, 242);

-- --------------------------------------------------------

--
-- Table structure for table `neopet_card`
--

CREATE TABLE `neopet_card` (
  `id` int(11) NOT NULL,
  `name` varchar(255) NOT NULL,
  `image_path` varchar(255) NOT NULL,
  `set_id` int(11) DEFAULT NULL
) ENGINE=InnoDB DEFAULT CHARSET=utf8mb4 COLLATE=utf8mb4_general_ci;

--
-- Dumping data for table `neopet_card`
--

INSERT INTO `neopet_card` (`id`, `name`, `image_path`, `set_id`) VALUES
(1, 'acara acrobat', 'downloaded_images\\base-set\\acara acrobat.jpg', 1),
(2, 'acara treasure seeker', 'downloaded_images\\base-set\\acara treasure seeker.jpg', 1),
(3, 'air faerie token', 'downloaded_images\\base-set\\air faerie token.jpg', 1),
(4, 'aisha enchantress', 'downloaded_images\\base-set\\aisha enchantress.jpg', 1),
(5, 'aisha myriad', 'downloaded_images\\base-set\\aisha myriad.jpg', 1),
(6, 'aisha slorgrider', 'downloaded_images\\base-set\\aisha slorgrider.jpg', 1),
(7, 'apple lantern', 'downloaded_images\\base-set\\apple lantern.jpg', 1),
(8, 'asparagus', 'downloaded_images\\base-set\\asparagus.jpg', 1),
(9, 'babaa', 'downloaded_images\\base-set\\babaa.jpg', 1),
(10, 'balthazar', 'downloaded_images\\base-set\\balthazar.jpg', 1),
(11, 'battle eyrie', 'downloaded_images\\base-set\\battle eyrie.jpg', 1),
(12, 'beyond neopia', 'downloaded_images\\base-set\\beyond neopia.jpg', 1),
(13, 'big heavy sword', 'downloaded_images\\base-set\\big heavy sword.jpg', 1),
(14, 'biting book', 'downloaded_images\\base-set\\biting book.jpg', 1),
(15, 'blue aisha', 'downloaded_images\\base-set\\blue aisha.jpg', 1),
(16, 'blue kacheek', 'downloaded_images\\base-set\\blue kacheek.jpg', 1),
(17, 'blue lupe', 'downloaded_images\\base-set\\blue lupe.jpg', 1),
(18, 'blue mynci', 'downloaded_images\\base-set\\blue mynci.jpg', 1),
(19, 'blue negg', 'downloaded_images\\base-set\\blue negg.jpg', 1),
(20, 'blue paint brush', 'downloaded_images\\base-set\\blue paint brush.jpg', 1),
(21, 'blue poogle', 'downloaded_images\\base-set\\blue poogle.jpg', 1),
(22, 'blue scorchio', 'downloaded_images\\base-set\\blue scorchio.jpg', 1),
(23, 'blue shoyru', 'downloaded_images\\base-set\\blue shoyru.jpg', 1),
(24, 'blue wocky', 'downloaded_images\\base-set\\blue wocky.jpg', 1),
(25, 'book of sadness', 'downloaded_images\\base-set\\book of sadness.jpg', 1),
(26, 'bottle of grarrl', 'downloaded_images\\base-set\\bottle of grarrl.jpg', 1),
(27, 'brain tree root', 'downloaded_images\\base-set\\brain tree root.jpg', 1),
(28, 'broken sword', 'downloaded_images\\base-set\\broken sword.jpg', 1),
(29, 'brown negg', 'downloaded_images\\base-set\\brown negg.jpg', 1),
(30, 'bubble gun', 'downloaded_images\\base-set\\bubble gun.jpg', 1),
(31, 'buzzer swarm', 'downloaded_images\\base-set\\buzzer swarm.jpg', 1),
(32, 'cackling negg', 'downloaded_images\\base-set\\cackling negg.jpg', 1),
(33, 'calabrus cloud aisha', 'downloaded_images\\base-set\\calabrus cloud aisha.jpg', 1),
(34, 'capture the snowbunnies', 'downloaded_images\\base-set\\capture the snowbunnies.jpg', 1),
(35, 'cardboard enemy', 'downloaded_images\\base-set\\cardboard enemy.jpg', 1),
(36, 'charming the miamice', 'downloaded_images\\base-set\\charming the miamice.jpg', 1),
(37, 'chocolate korbats', 'downloaded_images\\base-set\\chocolate korbats.jpg', 1),
(38, 'chokato', 'downloaded_images\\base-set\\chokato.jpg', 1),
(39, 'chomp', 'downloaded_images\\base-set\\chomp.jpg', 1),
(40, 'cleansing flames', 'downloaded_images\\base-set\\cleansing flames.jpg', 1),
(41, 'commander garoo', 'downloaded_images\\base-set\\commander garoo.jpg', 1),
(42, 'copier v20', 'downloaded_images\\base-set\\copier v20.jpg', 1),
(43, 'darigans blight', 'downloaded_images\\base-set\\darigans blight.jpg', 1),
(44, 'dark faerie sisters', 'downloaded_images\\base-set\\dark faerie sisters.jpg', 1),
(45, 'dark faerie token', 'downloaded_images\\base-set\\dark faerie token.jpg', 1),
(46, 'defence shield v10', 'downloaded_images\\base-set\\defence shield v10.jpg', 1),
(47, 'dissent', 'downloaded_images\\base-set\\dissent.jpg', 1),
(48, 'doglefox', 'downloaded_images\\base-set\\doglefox.jpg', 1),
(49, 'earth faerie leaves', 'downloaded_images\\base-set\\earth faerie leaves.jpg', 1),
(50, 'earth faerie token', 'downloaded_images\\base-set\\earth faerie token.jpg', 1),
(51, 'eliv thade', 'downloaded_images\\base-set\\eliv thade.jpg', 1),
(52, 'elixir of thieves', 'downloaded_images\\base-set\\elixir of thieves.jpg', 1),
(53, 'escape rope', 'downloaded_images\\base-set\\escape rope.jpg', 1),
(54, 'essence of brain', 'downloaded_images\\base-set\\essence of brain.jpg', 1),
(55, 'everlasting apple', 'downloaded_images\\base-set\\everlasting apple.jpg', 1),
(56, 'everything volume 1', 'downloaded_images\\base-set\\everything volume 1.jpg', 1),
(57, 'evil sloth clone #238', 'downloaded_images\\base-set\\evil sloth clone #238.jpg', 1),
(58, 'eyrie breastplate', 'downloaded_images\\base-set\\eyrie breastplate.jpg', 1),
(59, 'eyrie guard', 'downloaded_images\\base-set\\eyrie guard.jpg', 1),
(60, 'faerie dishwater', 'downloaded_images\\base-set\\faerie dishwater.jpg', 1),
(61, 'faerie lantern', 'downloaded_images\\base-set\\faerie lantern.jpg', 1),
(62, 'faerie pancakes', 'downloaded_images\\base-set\\faerie pancakes.jpg', 1),
(63, 'faerie slingshot', 'downloaded_images\\base-set\\faerie slingshot.jpg', 1),
(64, 'farlax v', 'downloaded_images\\base-set\\farlax v.jpg', 1),
(65, 'ferocious negg', 'downloaded_images\\base-set\\ferocious negg.jpg', 1),
(66, 'fire faerie token', 'downloaded_images\\base-set\\fire faerie token.jpg', 1),
(67, 'fire shoyru', 'downloaded_images\\base-set\\fire shoyru.jpg', 1),
(68, 'fumble', 'downloaded_images\\base-set\\fumble.jpg', 1),
(69, 'fyora the faerie queen', 'downloaded_images\\base-set\\fyora the faerie queen.jpg', 1),
(70, 'general kass', 'downloaded_images\\base-set\\general kass.jpg', 1),
(71, 'ghost korbat', 'downloaded_images\\base-set\\ghost korbat.jpg', 1),
(72, 'ghost lupe', 'downloaded_images\\base-set\\ghost lupe.jpg', 1),
(73, 'gigantic snowball', 'downloaded_images\\base-set\\gigantic snowball.jpg', 1),
(74, 'golden a', 'downloaded_images\\base-set\\golden a.jpg', 1),
(75, 'grarrl gladiator', 'downloaded_images\\base-set\\grarrl gladiator.jpg', 1),
(76, 'grarrl guard', 'downloaded_images\\base-set\\grarrl guard.jpg', 1),
(77, 'green acara', 'downloaded_images\\base-set\\green acara.jpg', 1),
(78, 'green eyrie', 'downloaded_images\\base-set\\green eyrie.jpg', 1),
(79, 'green grarrl', 'downloaded_images\\base-set\\green grarrl.jpg', 1),
(80, 'green kacheek', 'downloaded_images\\base-set\\green kacheek.jpg', 1),
(81, 'green korbat', 'downloaded_images\\base-set\\green korbat.jpg', 1),
(82, 'green mynci', 'downloaded_images\\base-set\\green mynci.jpg', 1),
(83, 'green negg', 'downloaded_images\\base-set\\green negg.jpg', 1),
(84, 'green wocky', 'downloaded_images\\base-set\\green wocky.jpg', 1),
(85, 'grey faerie', 'downloaded_images\\base-set\\grey faerie.jpg', 1),
(86, 'grimoire of thade', 'downloaded_images\\base-set\\grimoire of thade.jpg', 1),
(87, 'happy negg', 'downloaded_images\\base-set\\happy negg.jpg', 1),
(88, 'harris', 'downloaded_images\\base-set\\harris.jpg', 1),
(89, 'hasee', 'downloaded_images\\base-set\\hasee.jpg', 1),
(90, 'hidden tower secrets', 'downloaded_images\\base-set\\hidden tower secrets.jpg', 1),
(91, 'how to cheat', 'downloaded_images\\base-set\\how to cheat.jpg', 1),
(92, 'hubrid nox statue', 'downloaded_images\\base-set\\hubrid nox statue.jpg', 1),
(93, 'hubrid nox', 'downloaded_images\\base-set\\hubrid nox.jpg', 1),
(94, 'hubrids puzzle box', 'downloaded_images\\base-set\\hubrids puzzle box.jpg', 1),
(95, 'ice scimitar', 'downloaded_images\\base-set\\ice scimitar.jpg', 1),
(96, 'icy snowball', 'downloaded_images\\base-set\\icy snowball.jpg', 1),
(97, 'illusen', 'downloaded_images\\base-set\\illusen.jpg', 1),
(98, 'illusens charm', 'downloaded_images\\base-set\\illusens charm.jpg', 1),
(99, 'illusens ring', 'downloaded_images\\base-set\\illusens ring.jpg', 1),
(100, 'illusens staff', 'downloaded_images\\base-set\\illusens staff.jpg', 1),
(101, 'jelly aishas', 'downloaded_images\\base-set\\jelly aishas.jpg', 1),
(102, 'jeran', 'downloaded_images\\base-set\\jeran.jpg', 1),
(103, 'jerans armour', 'downloaded_images\\base-set\\jerans armour.jpg', 1),
(104, 'jerans sword', 'downloaded_images\\base-set\\jerans sword.jpg', 1),
(105, 'jerdana', 'downloaded_images\\base-set\\jerdana.jpg', 1),
(106, 'jerdanas orb', 'downloaded_images\\base-set\\jerdanas orb.jpg', 1),
(107, 'jhudora', 'downloaded_images\\base-set\\jhudora.jpg', 1),
(108, 'jhudoras evil eye', 'downloaded_images\\base-set\\jhudoras evil eye.jpg', 1),
(109, 'jhudoras storm', 'downloaded_images\\base-set\\jhudoras storm.jpg', 1),
(110, 'jhudoras wand', 'downloaded_images\\base-set\\jhudoras wand.jpg', 1),
(111, 'juppies', 'downloaded_images\\base-set\\juppies.jpg', 1),
(112, 'kacheek shepherd', 'downloaded_images\\base-set\\kacheek shepherd.jpg', 1),
(113, 'kacheek thief', 'downloaded_images\\base-set\\kacheek thief.jpg', 1),
(114, 'kadoatie', 'downloaded_images\\base-set\\kadoatie.jpg', 1),
(115, 'kauvaras potion', 'downloaded_images\\base-set\\kauvaras potion.jpg', 1),
(116, 'korbat cape', 'downloaded_images\\base-set\\korbat cape.jpg', 1),
(117, 'korbat researcher', 'downloaded_images\\base-set\\korbat researcher.jpg', 1),
(118, 'koya korbat huntress', 'downloaded_images\\base-set\\koya korbat huntress.jpg', 1),
(119, 'lab ray', 'downloaded_images\\base-set\\lab ray.jpg', 1),
(120, 'library visit', 'downloaded_images\\base-set\\library visit.jpg', 1),
(121, 'light faerie token', 'downloaded_images\\base-set\\light faerie token.jpg', 1),
(122, 'lishas glasses', 'downloaded_images\\base-set\\lishas glasses.jpg', 1),
(123, 'lord darigan', 'downloaded_images\\base-set\\lord darigan.jpg', 1),
(124, 'lucky coin', 'downloaded_images\\base-set\\lucky coin.jpg', 1),
(125, 'lupe defender', 'downloaded_images\\base-set\\lupe defender.jpg', 1),
(126, 'magax destroyer', 'downloaded_images\\base-set\\magax destroyer.jpg', 1),
(127, 'magic lottery ticket', 'downloaded_images\\base-set\\magic lottery ticket.jpg', 1),
(128, 'magnus the torch', 'downloaded_images\\base-set\\magnus the torch.jpg', 1),
(129, 'malevolent sentient poogle plushie', 'downloaded_images\\base-set\\malevolent sentient poogle plushie.jpg', 1),
(130, 'master vex', 'downloaded_images\\base-set\\master vex.jpg', 1),
(131, 'mavaras wocky', 'downloaded_images\\base-set\\mavaras wocky.jpg', 1),
(132, 'meowclops', 'downloaded_images\\base-set\\meowclops.jpg', 1),
(133, 'meuka', 'downloaded_images\\base-set\\meuka.jpg', 1),
(134, 'mirgle', 'downloaded_images\\base-set\\mirgle.jpg', 1),
(135, 'mirror shield', 'downloaded_images\\base-set\\mirror shield.jpg', 1),
(136, 'misdirection', 'downloaded_images\\base-set\\misdirection.jpg', 1),
(137, 'moltenore', 'downloaded_images\\base-set\\moltenore.jpg', 1),
(138, 'money tree ghosts', 'downloaded_images\\base-set\\money tree ghosts.jpg', 1),
(139, 'moon charm', 'downloaded_images\\base-set\\moon charm.jpg', 1),
(140, 'morphing runes', 'downloaded_images\\base-set\\morphing runes.jpg', 1),
(141, 'mynci inventor', 'downloaded_images\\base-set\\mynci inventor.jpg', 1),
(142, 'mynci tourist', 'downloaded_images\\base-set\\mynci tourist.jpg', 1),
(143, 'night stone', 'downloaded_images\\base-set\\night stone.jpg', 1),
(144, 'noil', 'downloaded_images\\base-set\\noil.jpg', 1),
(145, 'nothing has happened', 'downloaded_images\\base-set\\nothing has happened.jpg', 1),
(146, 'nova', 'downloaded_images\\base-set\\nova.jpg', 1),
(147, 'pant devil attacks', 'downloaded_images\\base-set\\pant devil attacks.jpg', 1),
(148, 'pawkeet', 'downloaded_images\\base-set\\pawkeet.jpg', 1),
(149, 'peachpa', 'downloaded_images\\base-set\\peachpa.jpg', 1),
(150, 'petpetnip', 'downloaded_images\\base-set\\petpetnip.jpg', 1),
(151, 'pinanna', 'downloaded_images\\base-set\\pinanna.jpg', 1),
(152, 'poogle apprentice', 'downloaded_images\\base-set\\poogle apprentice.jpg', 1),
(153, 'poogle racer', 'downloaded_images\\base-set\\poogle racer.jpg', 1),
(154, 'potatoes', 'downloaded_images\\base-set\\potatoes.jpg', 1),
(155, 'potion of sludge', 'downloaded_images\\base-set\\potion of sludge.jpg', 1),
(156, 'potion of speed', 'downloaded_images\\base-set\\potion of speed.jpg', 1),
(157, 'potion of strength', 'downloaded_images\\base-set\\potion of strength.jpg', 1),
(158, 'pressure pad puzzle', 'downloaded_images\\base-set\\pressure pad puzzle.jpg', 1),
(159, 'purrows plight', 'downloaded_images\\base-set\\purrows plight.jpg', 1),
(160, 'put on display', 'downloaded_images\\base-set\\put on display.jpg', 1),
(161, 'rainbow paint brush', 'downloaded_images\\base-set\\rainbow paint brush.jpg', 1),
(162, 'rainbow swirly thing', 'downloaded_images\\base-set\\rainbow swirly thing.jpg', 1),
(163, 'red acara', 'downloaded_images\\base-set\\red acara.jpg', 1),
(164, 'red aisha', 'downloaded_images\\base-set\\red aisha.jpg', 1),
(165, 'red clockwork grundo', 'downloaded_images\\base-set\\red clockwork grundo.jpg', 1),
(166, 'red eyrie', 'downloaded_images\\base-set\\red eyrie.jpg', 1),
(167, 'red grarrl', 'downloaded_images\\base-set\\red grarrl.jpg', 1),
(168, 'red korbat', 'downloaded_images\\base-set\\red korbat.jpg', 1),
(169, 'red lupe', 'downloaded_images\\base-set\\red lupe.jpg', 1),
(170, 'red paint brush', 'downloaded_images\\base-set\\red paint brush.jpg', 1),
(171, 'red scorchio', 'downloaded_images\\base-set\\red scorchio.jpg', 1),
(172, 'red scorchstone', 'downloaded_images\\base-set\\red scorchstone.jpg', 1),
(173, 'red shoyru', 'downloaded_images\\base-set\\red shoyru.jpg', 1),
(174, 'ring of the summoner', 'downloaded_images\\base-set\\ring of the summoner.jpg', 1),
(175, 'scabu', 'downloaded_images\\base-set\\scabu.jpg', 1),
(176, 'sceptre of banishing', 'downloaded_images\\base-set\\sceptre of banishing.jpg', 1),
(177, 'scorchio alchemist', 'downloaded_images\\base-set\\scorchio alchemist.jpg', 1),
(178, 'scorchio warrior', 'downloaded_images\\base-set\\scorchio warrior.jpg', 1),
(179, 'scroll of recall', 'downloaded_images\\base-set\\scroll of recall.jpg', 1),
(180, 'secret passage', 'downloaded_images\\base-set\\secret passage.jpg', 1),
(181, 'shadow breeze', 'downloaded_images\\base-set\\shadow breeze.jpg', 1),
(182, 'shadow usul', 'downloaded_images\\base-set\\shadow usul.jpg', 1),
(183, 'shoyru spy', 'downloaded_images\\base-set\\shoyru spy.jpg', 1),
(184, 'silver negg', 'downloaded_images\\base-set\\silver negg.jpg', 1),
(185, 'siyana of talador', 'downloaded_images\\base-set\\siyana of talador.jpg', 1),
(186, 'slorg trails', 'downloaded_images\\base-set\\slorg trails.jpg', 1),
(187, 'sloths master plan', 'downloaded_images\\base-set\\sloths master plan.jpg', 1),
(188, 'sludging ray', 'downloaded_images\\base-set\\sludging ray.jpg', 1),
(189, 'slumberberry potion', 'downloaded_images\\base-set\\slumberberry potion.jpg', 1),
(190, 'snorkle', 'downloaded_images\\base-set\\snorkle.jpg', 1),
(191, 'snowball cannon', 'downloaded_images\\base-set\\snowball cannon.jpg', 1),
(192, 'snowbunny', 'downloaded_images\\base-set\\snowbunny.jpg', 1),
(193, 'speckled negg', 'downloaded_images\\base-set\\speckled negg.jpg', 1),
(194, 'spooky beans', 'downloaded_images\\base-set\\spooky beans.jpg', 1),
(195, 'spyder bites', 'downloaded_images\\base-set\\spyder bites.jpg', 1),
(196, 'spyder', 'downloaded_images\\base-set\\spyder.jpg', 1),
(197, 'starberry', 'downloaded_images\\base-set\\starberry.jpg', 1),
(198, 'stone snowball', 'downloaded_images\\base-set\\stone snowball.jpg', 1),
(199, 'striped negg', 'downloaded_images\\base-set\\striped negg.jpg', 1),
(200, 'sword of the air faerie', 'downloaded_images\\base-set\\sword of the air faerie.jpg', 1),
(201, 'take a dip', 'downloaded_images\\base-set\\take a dip.jpg', 1),
(202, 'the darkest faerie', 'downloaded_images\\base-set\\the darkest faerie.jpg', 1),
(203, 'the ensorcellator', 'downloaded_images\\base-set\\the ensorcellator.jpg', 1),
(204, 'the giant grarrl', 'downloaded_images\\base-set\\the giant grarrl.jpg', 1),
(205, 'the golden shoyru', 'downloaded_images\\base-set\\the golden shoyru.jpg', 1),
(206, 'the thieves code', 'downloaded_images\\base-set\\the thieves code.jpg', 1),
(207, 'thingy', 'downloaded_images\\base-set\\thingy.jpg', 1),
(208, 'thyoras tear', 'downloaded_images\\base-set\\thyoras tear.jpg', 1),
(209, 'tinka', 'downloaded_images\\base-set\\tinka.jpg', 1),
(210, 'tishi and goliath', 'downloaded_images\\base-set\\tishi and goliath.jpg', 1),
(211, 'torshac shoyru scout', 'downloaded_images\\base-set\\torshac shoyru scout.jpg', 1),
(212, 'travelling library', 'downloaded_images\\base-set\\travelling library.jpg', 1),
(213, 'travelling neopia', 'downloaded_images\\base-set\\travelling neopia.jpg', 1),
(214, 'turmaculus strikes', 'downloaded_images\\base-set\\turmaculus strikes.jpg', 1),
(215, 'turnips', 'downloaded_images\\base-set\\turnips.jpg', 1),
(216, 'usica berries', 'downloaded_images\\base-set\\usica berries.jpg', 1),
(217, 'vira', 'downloaded_images\\base-set\\vira.jpg', 1),
(218, 'viras dagger', 'downloaded_images\\base-set\\viras dagger.jpg', 1),
(219, 'wand of confusion', 'downloaded_images\\base-set\\wand of confusion.jpg', 1),
(220, 'wand of nova', 'downloaded_images\\base-set\\wand of nova.jpg', 1),
(221, 'warf', 'downloaded_images\\base-set\\warf.jpg', 1),
(222, 'water faerie token', 'downloaded_images\\base-set\\water faerie token.jpg', 1),
(223, 'weakness', 'downloaded_images\\base-set\\weakness.jpg', 1),
(224, 'werelupe king', 'downloaded_images\\base-set\\werelupe king.jpg', 1),
(225, 'werelupe sage', 'downloaded_images\\base-set\\werelupe sage.jpg', 1),
(226, 'wocky beast', 'downloaded_images\\base-set\\wocky beast.jpg', 1),
(227, 'wocky farmer', 'downloaded_images\\base-set\\wocky farmer.jpg', 1),
(228, 'wooden blocking shield', 'downloaded_images\\base-set\\wooden blocking shield.jpg', 1),
(229, 'woodland bow', 'downloaded_images\\base-set\\woodland bow.jpg', 1),
(230, 'yellow acara', 'downloaded_images\\base-set\\yellow acara.jpg', 1),
(231, 'yellow aisha', 'downloaded_images\\base-set\\yellow aisha.jpg', 1),
(232, 'yellow clockwork grundo', 'downloaded_images\\base-set\\yellow clockwork grundo.jpg', 1),
(233, 'yellow eyrie', 'downloaded_images\\base-set\\yellow eyrie.jpg', 1),
(234, 'yellow korbat', 'downloaded_images\\base-set\\yellow korbat.jpg', 1),
(235, 'yellow mynci', 'downloaded_images\\base-set\\yellow mynci.jpg', 1),
(236, 'yellow negg', 'downloaded_images\\base-set\\yellow negg.jpg', 1),
(237, 'yellow paint brush', 'downloaded_images\\base-set\\yellow paint brush.jpg', 1),
(238, 'yellow poogle', 'downloaded_images\\base-set\\yellow poogle.jpg', 1),
(239, 'yellow scorchio', 'downloaded_images\\base-set\\yellow scorchio.jpg', 1),
(240, 'zombify', 'downloaded_images\\base-set\\zombify.jpg', 1),
(241, '105 castle secrets', 'downloaded_images\\battle-for-meridell\\105 castle secrets.jpg', 2),
(242, 'armoury of kass', 'downloaded_images\\battle-for-meridell\\armoury of kass.jpg', 2),
(243, 'back from the grave', 'downloaded_images\\battle-for-meridell\\back from the grave.jpg', 2),
(244, 'battle hammer', 'downloaded_images\\battle-for-meridell\\battle hammer.jpg', 2),
(245, 'blue acara', 'downloaded_images\\battle-for-meridell\\blue acara.jpg', 2),
(246, 'blue blumaroo', 'downloaded_images\\battle-for-meridell\\blue blumaroo.jpg', 2),
(247, 'blue draik', 'downloaded_images\\battle-for-meridell\\blue draik.jpg', 2),
(248, 'blue gelert', 'downloaded_images\\battle-for-meridell\\blue gelert.jpg', 2),
(249, 'blue skeith', 'downloaded_images\\battle-for-meridell\\blue skeith.jpg', 2),
(250, 'blue uni', 'downloaded_images\\battle-for-meridell\\blue uni.jpg', 2),
(251, 'blugthak', 'downloaded_images\\battle-for-meridell\\blugthak.jpg', 2),
(252, 'blumaroo court jester', 'downloaded_images\\battle-for-meridell\\blumaroo court jester.jpg', 2),
(253, 'blumaroo squire', 'downloaded_images\\battle-for-meridell\\blumaroo squire.jpg', 2),
(254, 'bomberry', 'downloaded_images\\battle-for-meridell\\bomberry.jpg', 2),
(255, 'book of law', 'downloaded_images\\battle-for-meridell\\book of law.jpg', 2),
(256, 'boots of jumping', 'downloaded_images\\battle-for-meridell\\boots of jumping.jpg', 2),
(257, 'castle sanctuary', 'downloaded_images\\battle-for-meridell\\castle sanctuary.jpg', 2),
(258, 'cheese', 'downloaded_images\\battle-for-meridell\\cheese.jpg', 2),
(259, 'contest of champions', 'downloaded_images\\battle-for-meridell\\contest of champions.jpg', 2),
(260, 'count boris', 'downloaded_images\\battle-for-meridell\\count boris.jpg', 2),
(261, 'court dancer', 'downloaded_images\\battle-for-meridell\\court dancer.jpg', 2),
(262, 'crop failure', 'downloaded_images\\battle-for-meridell\\crop failure.jpg', 2),
(263, 'darigan gardens', 'downloaded_images\\battle-for-meridell\\darigan gardens.jpg', 2),
(264, 'darigan paint brush', 'downloaded_images\\battle-for-meridell\\darigan paint brush.jpg', 2),
(265, 'darigan redeemed', 'downloaded_images\\battle-for-meridell\\darigan redeemed.jpg', 2),
(266, 'darigan skeith', 'downloaded_images\\battle-for-meridell\\darigan skeith.jpg', 2),
(267, 'darigan uni', 'downloaded_images\\battle-for-meridell\\darigan uni.jpg', 2),
(268, 'darigan usul', 'downloaded_images\\battle-for-meridell\\darigan usul.jpg', 2),
(269, 'dark graspberry', 'downloaded_images\\battle-for-meridell\\dark graspberry.jpg', 2),
(270, 'dark nova', 'downloaded_images\\battle-for-meridell\\dark nova.jpg', 2),
(271, 'defenders of meridell', 'downloaded_images\\battle-for-meridell\\defenders of meridell.jpg', 2),
(272, 'drackonack', 'downloaded_images\\battle-for-meridell\\drackonack.jpg', 2),
(273, 'draik sentinel', 'downloaded_images\\battle-for-meridell\\draik sentinel.jpg', 2),
(274, 'draik skeleton', 'downloaded_images\\battle-for-meridell\\draik skeleton.jpg', 2),
(275, 'draik soldier', 'downloaded_images\\battle-for-meridell\\draik soldier.jpg', 2),
(276, 'exploding acorns', 'downloaded_images\\battle-for-meridell\\exploding acorns.jpg', 2),
(277, 'faerie bottle', 'downloaded_images\\battle-for-meridell\\faerie bottle.jpg', 2),
(278, 'faerie dust', 'downloaded_images\\battle-for-meridell\\faerie dust.jpg', 2),
(279, 'fall of jeran', 'downloaded_images\\battle-for-meridell\\fall of jeran.jpg', 2),
(280, 'feeding mr scary', 'downloaded_images\\battle-for-meridell\\feeding mr scary.jpg', 2),
(281, 'flying potion', 'downloaded_images\\battle-for-meridell\\flying potion.jpg', 2),
(282, 'gallion', 'downloaded_images\\battle-for-meridell\\gallion.jpg', 2),
(283, 'gelert beast hunter', 'downloaded_images\\battle-for-meridell\\gelert beast hunter.jpg', 2),
(284, 'gelert prince', 'downloaded_images\\battle-for-meridell\\gelert prince.jpg', 2),
(285, 'golden negg', 'downloaded_images\\battle-for-meridell\\golden negg.jpg', 2),
(286, 'green draik', 'downloaded_images\\battle-for-meridell\\green draik.jpg', 2),
(287, 'green ixi', 'downloaded_images\\battle-for-meridell\\green ixi.jpg', 2),
(288, 'green paint brush', 'downloaded_images\\battle-for-meridell\\green paint brush.jpg', 2),
(289, 'green poogle', 'downloaded_images\\battle-for-meridell\\green poogle.jpg', 2),
(290, 'green quiggle', 'downloaded_images\\battle-for-meridell\\green quiggle.jpg', 2),
(291, 'green skeith', 'downloaded_images\\battle-for-meridell\\green skeith.jpg', 2),
(292, 'green usul', 'downloaded_images\\battle-for-meridell\\green usul.jpg', 2),
(293, 'hadrak', 'downloaded_images\\battle-for-meridell\\hadrak.jpg', 2),
(294, 'hall of paintings', 'downloaded_images\\battle-for-meridell\\hall of paintings.jpg', 2),
(295, 'healing potion', 'downloaded_images\\battle-for-meridell\\healing potion.jpg', 2),
(296, 'illusens glade', 'downloaded_images\\battle-for-meridell\\illusens glade.jpg', 2),
(297, 'ixi courtier', 'downloaded_images\\battle-for-meridell\\ixi courtier.jpg', 2),
(298, 'ixi raider', 'downloaded_images\\battle-for-meridell\\ixi raider.jpg', 2),
(299, 'jeran meridell knight', 'downloaded_images\\battle-for-meridell\\jeran meridell knight.jpg', 2),
(300, 'jeran plushie', 'downloaded_images\\battle-for-meridell\\jeran plushie.jpg', 2),
(301, 'kacheek plushie', 'downloaded_images\\battle-for-meridell\\kacheek plushie.jpg', 2),
(302, 'kasss charm', 'downloaded_images\\battle-for-meridell\\kasss charm.jpg', 2),
(303, 'kayla', 'downloaded_images\\battle-for-meridell\\kayla.jpg', 2),
(304, 'king skarl plushie', 'downloaded_images\\battle-for-meridell\\king skarl plushie.jpg', 2),
(305, 'king skarl', 'downloaded_images\\battle-for-meridell\\king skarl.jpg', 2),
(306, 'lisha', 'downloaded_images\\battle-for-meridell\\lisha.jpg', 2),
(307, 'lishas charm', 'downloaded_images\\battle-for-meridell\\lishas charm.jpg', 2),
(308, 'lishas wand', 'downloaded_images\\battle-for-meridell\\lishas wand.jpg', 2),
(309, 'locked in the dungeon', 'downloaded_images\\battle-for-meridell\\locked in the dungeon.jpg', 2),
(310, 'lord kass', 'downloaded_images\\battle-for-meridell\\lord kass.jpg', 2),
(311, 'makeshift sword', 'downloaded_images\\battle-for-meridell\\makeshift sword.jpg', 2),
(312, 'marketplace', 'downloaded_images\\battle-for-meridell\\marketplace.jpg', 2),
(313, 'meaty pie', 'downloaded_images\\battle-for-meridell\\meaty pie.jpg', 2),
(314, 'meerca catapult', 'downloaded_images\\battle-for-meridell\\meerca catapult.jpg', 2),
(315, 'meerca spy', 'downloaded_images\\battle-for-meridell\\meerca spy.jpg', 2),
(316, 'meridell castle', 'downloaded_images\\battle-for-meridell\\meridell castle.jpg', 2),
(317, 'meridell gardens', 'downloaded_images\\battle-for-meridell\\meridell gardens.jpg', 2),
(318, 'meridell war room', 'downloaded_images\\battle-for-meridell\\meridell war room.jpg', 2),
(319, 'morguss', 'downloaded_images\\battle-for-meridell\\morguss.jpg', 2),
(320, 'morris', 'downloaded_images\\battle-for-meridell\\morris.jpg', 2),
(321, 'mortog', 'downloaded_images\\battle-for-meridell\\mortog.jpg', 2),
(322, 'mynci plushie', 'downloaded_images\\battle-for-meridell\\mynci plushie.jpg', 2),
(323, 'neoquest board game', 'downloaded_images\\battle-for-meridell\\neoquest board game.jpg', 2),
(324, 'nova storm', 'downloaded_images\\battle-for-meridell\\nova storm.jpg', 2),
(325, 'obedience broth', 'downloaded_images\\battle-for-meridell\\obedience broth.jpg', 2),
(326, 'oubliette', 'downloaded_images\\battle-for-meridell\\oubliette.jpg', 2),
(327, 'peasant mob', 'downloaded_images\\battle-for-meridell\\peasant mob.jpg', 2),
(328, 'petpet growth syrup', 'downloaded_images\\battle-for-meridell\\petpet growth syrup.jpg', 2),
(329, 'plan b', 'downloaded_images\\battle-for-meridell\\plan b.jpg', 2),
(330, 'protect the village', 'downloaded_images\\battle-for-meridell\\protect the village.jpg', 2),
(331, 'psellia', 'downloaded_images\\battle-for-meridell\\psellia.jpg', 2),
(332, 'puppyblew', 'downloaded_images\\battle-for-meridell\\puppyblew.jpg', 2),
(333, 'quiggle runner', 'downloaded_images\\battle-for-meridell\\quiggle runner.jpg', 2),
(334, 'quiggle scout', 'downloaded_images\\battle-for-meridell\\quiggle scout.jpg', 2),
(335, 'red ixi', 'downloaded_images\\battle-for-meridell\\red ixi.jpg', 2),
(336, 'red meerca', 'downloaded_images\\battle-for-meridell\\red meerca.jpg', 2),
(337, 'red mynci', 'downloaded_images\\battle-for-meridell\\red mynci.jpg', 2),
(338, 'red uni', 'downloaded_images\\battle-for-meridell\\red uni.jpg', 2),
(339, 'red usul', 'downloaded_images\\battle-for-meridell\\red usul.jpg', 2),
(340, 'red zafara', 'downloaded_images\\battle-for-meridell\\red zafara.jpg', 2),
(341, 'regulation chainmail', 'downloaded_images\\battle-for-meridell\\regulation chainmail.jpg', 2),
(342, 'reinforcements', 'downloaded_images\\battle-for-meridell\\reinforcements.jpg', 2),
(343, 'royal summons', 'downloaded_images\\battle-for-meridell\\royal summons.jpg', 2),
(344, 'shadow armour', 'downloaded_images\\battle-for-meridell\\shadow armour.jpg', 2),
(345, 'shooting star', 'downloaded_images\\battle-for-meridell\\shooting star.jpg', 2),
(346, 'shoyru plushie', 'downloaded_images\\battle-for-meridell\\shoyru plushie.jpg', 2),
(347, 'silver draik egg', 'downloaded_images\\battle-for-meridell\\silver draik egg.jpg', 2),
(348, 'skarls banquet', 'downloaded_images\\battle-for-meridell\\skarls banquet.jpg', 2),
(349, 'skarls personal guard', 'downloaded_images\\battle-for-meridell\\skarls personal guard.jpg', 2),
(350, 'stale bread', 'downloaded_images\\battle-for-meridell\\stale bread.jpg', 2),
(351, 'stone soup', 'downloaded_images\\battle-for-meridell\\stone soup.jpg', 2),
(352, 'storm the castle', 'downloaded_images\\battle-for-meridell\\storm the castle.jpg', 2),
(353, 'strawberries', 'downloaded_images\\battle-for-meridell\\strawberries.jpg', 2),
(354, 'sunblade', 'downloaded_images\\battle-for-meridell\\sunblade.jpg', 2),
(355, 'symol warrens', 'downloaded_images\\battle-for-meridell\\symol warrens.jpg', 2),
(356, 'symol', 'downloaded_images\\battle-for-meridell\\symol.jpg', 2),
(357, 'tangle net gun', 'downloaded_images\\battle-for-meridell\\tangle net gun.jpg', 2),
(358, 'the bat thing', 'downloaded_images\\battle-for-meridell\\the bat thing.jpg', 2),
(359, 'the castle defender', 'downloaded_images\\battle-for-meridell\\the castle defender.jpg', 2),
(360, 'the great battle', 'downloaded_images\\battle-for-meridell\\the great battle.jpg', 2),
(361, 'the three', 'downloaded_images\\battle-for-meridell\\the three.jpg', 2),
(362, 'tomatoes', 'downloaded_images\\battle-for-meridell\\tomatoes.jpg', 2),
(363, 'tower shield', 'downloaded_images\\battle-for-meridell\\tower shield.jpg', 2),
(364, 'turdle', 'downloaded_images\\battle-for-meridell\\turdle.jpg', 2),
(365, 'turmac', 'downloaded_images\\battle-for-meridell\\turmac.jpg', 2),
(366, 'turmaculus', 'downloaded_images\\battle-for-meridell\\turmaculus.jpg', 2),
(367, 'uni battle steed', 'downloaded_images\\battle-for-meridell\\uni battle steed.jpg', 2),
(368, 'uni charm', 'downloaded_images\\battle-for-meridell\\uni charm.jpg', 2),
(369, 'usul in waiting', 'downloaded_images\\battle-for-meridell\\usul in waiting.jpg', 2),
(370, 'whinny', 'downloaded_images\\battle-for-meridell\\whinny.jpg', 2),
(371, 'yellow blumaroo', 'downloaded_images\\battle-for-meridell\\yellow blumaroo.jpg', 2),
(372, 'yellow draik egg', 'downloaded_images\\battle-for-meridell\\yellow draik egg.jpg', 2),
(373, 'yellow gelert', 'downloaded_images\\battle-for-meridell\\yellow gelert.jpg', 2),
(374, 'yellow grarrl', 'downloaded_images\\battle-for-meridell\\yellow grarrl.jpg', 2),
(375, 'yellow meerca', 'downloaded_images\\battle-for-meridell\\yellow meerca.jpg', 2),
(376, 'yellow quiggle', 'downloaded_images\\battle-for-meridell\\yellow quiggle.jpg', 2),
(377, 'yellow zafara', 'downloaded_images\\battle-for-meridell\\yellow zafara.jpg', 2),
(378, 'zafara double agent', 'downloaded_images\\battle-for-meridell\\zafara double agent.jpg', 2),
(379, 'zafara princess', 'downloaded_images\\battle-for-meridell\\zafara princess.jpg', 2),
(380, 'zombie moltenore', 'downloaded_images\\battle-for-meridell\\zombie moltenore.jpg', 2),
(381, 'against the odds', 'downloaded_images\\curse-of-maraqua\\against the odds.jpg', 3),
(382, 'alchemy', 'downloaded_images\\curse-of-maraqua\\alchemy.jpg', 3),
(383, 'angry giants', 'downloaded_images\\curse-of-maraqua\\angry giants.jpg', 3),
(384, 'apprentice wand', 'downloaded_images\\curse-of-maraqua\\apprentice wand.jpg', 3),
(385, 'battle of wits', 'downloaded_images\\curse-of-maraqua\\battle of wits.jpg', 3),
(386, 'benny the blade', 'downloaded_images\\curse-of-maraqua\\benny the blade.jpg', 3),
(387, 'black pearl', 'downloaded_images\\curse-of-maraqua\\black pearl.jpg', 3),
(388, 'blue chomby', 'downloaded_images\\curse-of-maraqua\\blue chomby.jpg', 3),
(389, 'blue cocofizz', 'downloaded_images\\curse-of-maraqua\\blue cocofizz.jpg', 3),
(390, 'blue lenny', 'downloaded_images\\curse-of-maraqua\\blue lenny.jpg', 3),
(391, 'blue yurble', 'downloaded_images\\curse-of-maraqua\\blue yurble.jpg', 3),
(392, 'brightvale castle', 'downloaded_images\\curse-of-maraqua\\brightvale castle.jpg', 3),
(393, 'brown scorchio', 'downloaded_images\\curse-of-maraqua\\brown scorchio.jpg', 3),
(394, 'cabbage', 'downloaded_images\\curse-of-maraqua\\cabbage.jpg', 3),
(395, 'captain scarblade', 'downloaded_images\\curse-of-maraqua\\captain scarblade.jpg', 3),
(396, 'catch', 'downloaded_images\\curse-of-maraqua\\catch.jpg', 3),
(397, 'caylis', 'downloaded_images\\curse-of-maraqua\\caylis.jpg', 3),
(398, 'chasm beast', 'downloaded_images\\curse-of-maraqua\\chasm beast.jpg', 3),
(399, 'chocolate cybunnies', 'downloaded_images\\curse-of-maraqua\\chocolate cybunnies.jpg', 3),
(400, 'chomby genie', 'downloaded_images\\curse-of-maraqua\\chomby genie.jpg', 3),
(401, 'chomby plushie', 'downloaded_images\\curse-of-maraqua\\chomby plushie.jpg', 3),
(402, 'confusion', 'downloaded_images\\curse-of-maraqua\\confusion.jpg', 3),
(403, 'coral bracelet', 'downloaded_images\\curse-of-maraqua\\coral bracelet.jpg', 3),
(404, 'coral fruit', 'downloaded_images\\curse-of-maraqua\\coral fruit.jpg', 3),
(405, 'corrode', 'downloaded_images\\curse-of-maraqua\\corrode.jpg', 3),
(406, 'defender of ador', 'downloaded_images\\curse-of-maraqua\\defender of ador.jpg', 3),
(407, 'everlasting porridge', 'downloaded_images\\curse-of-maraqua\\everlasting porridge.jpg', 3),
(408, 'faerie circle', 'downloaded_images\\curse-of-maraqua\\faerie circle.jpg', 3),
(409, 'faerie tales', 'downloaded_images\\curse-of-maraqua\\faerie tales.jpg', 3),
(410, 'florg', 'downloaded_images\\curse-of-maraqua\\florg.jpg', 3),
(411, 'flotsam hunter', 'downloaded_images\\curse-of-maraqua\\flotsam hunter.jpg', 3),
(412, 'fyoras palace guards', 'downloaded_images\\curse-of-maraqua\\fyoras palace guards.jpg', 3),
(413, 'garin the foolish', 'downloaded_images\\curse-of-maraqua\\garin the foolish.jpg', 3),
(414, 'garins redemption', 'downloaded_images\\curse-of-maraqua\\garins redemption.jpg', 3),
(415, 'gathow', 'downloaded_images\\curse-of-maraqua\\gathow.jpg', 3),
(416, 'ghost yurble', 'downloaded_images\\curse-of-maraqua\\ghost yurble.jpg', 3),
(417, 'ghoti', 'downloaded_images\\curse-of-maraqua\\ghoti.jpg', 3),
(418, 'glowing babaa', 'downloaded_images\\curse-of-maraqua\\glowing babaa.jpg', 3),
(419, 'gnarfas', 'downloaded_images\\curse-of-maraqua\\gnarfas.jpg', 3),
(420, 'gooseberries', 'downloaded_images\\curse-of-maraqua\\gooseberries.jpg', 3),
(421, 'goregas', 'downloaded_images\\curse-of-maraqua\\goregas.jpg', 3),
(422, 'green flotsam', 'downloaded_images\\curse-of-maraqua\\green flotsam.jpg', 3),
(423, 'green scorchio', 'downloaded_images\\curse-of-maraqua\\green scorchio.jpg', 3),
(424, 'green tuskaninny', 'downloaded_images\\curse-of-maraqua\\green tuskaninny.jpg', 3),
(425, 'green yurble', 'downloaded_images\\curse-of-maraqua\\green yurble.jpg', 3),
(426, 'gypsys curse', 'downloaded_images\\curse-of-maraqua\\gypsys curse.jpg', 3),
(427, 'illusens faerie globe', 'downloaded_images\\curse-of-maraqua\\illusens faerie globe.jpg', 3),
(428, 'illusens potion book', 'downloaded_images\\curse-of-maraqua\\illusens potion book.jpg', 3),
(429, 'isca', 'downloaded_images\\curse-of-maraqua\\isca.jpg', 3),
(430, 'iscas necklace', 'downloaded_images\\curse-of-maraqua\\iscas necklace.jpg', 3),
(431, 'island hasee', 'downloaded_images\\curse-of-maraqua\\island hasee.jpg', 3),
(432, 'island negg', 'downloaded_images\\curse-of-maraqua\\island negg.jpg', 3),
(433, 'jacques the swift', 'downloaded_images\\curse-of-maraqua\\jacques the swift.jpg', 3),
(434, 'jhudoras bodyguards', 'downloaded_images\\curse-of-maraqua\\jhudoras bodyguards.jpg', 3),
(435, 'juppie juice', 'downloaded_images\\curse-of-maraqua\\juppie juice.jpg', 3),
(436, 'king kelpbeard', 'downloaded_images\\curse-of-maraqua\\king kelpbeard.jpg', 3),
(437, 'krawk braggart', 'downloaded_images\\curse-of-maraqua\\krawk braggart.jpg', 3),
(438, 'lenny librarian', 'downloaded_images\\curse-of-maraqua\\lenny librarian.jpg', 3),
(439, 'lenny sorcerer', 'downloaded_images\\curse-of-maraqua\\lenny sorcerer.jpg', 3),
(440, 'lightning conductor', 'downloaded_images\\curse-of-maraqua\\lightning conductor.jpg', 3),
(441, 'maractite armour', 'downloaded_images\\curse-of-maraqua\\maractite armour.jpg', 3),
(442, 'maractite axe', 'downloaded_images\\curse-of-maraqua\\maractite axe.jpg', 3),
(443, 'maractite shield', 'downloaded_images\\curse-of-maraqua\\maractite shield.jpg', 3),
(444, 'maractite sword', 'downloaded_images\\curse-of-maraqua\\maractite sword.jpg', 3),
(445, 'maractite trident', 'downloaded_images\\curse-of-maraqua\\maractite trident.jpg', 3),
(446, 'maraquan chomby', 'downloaded_images\\curse-of-maraqua\\maraquan chomby.jpg', 3),
(447, 'maraquan harp', 'downloaded_images\\curse-of-maraqua\\maraquan harp.jpg', 3),
(448, 'maraquan jellypops', 'downloaded_images\\curse-of-maraqua\\maraquan jellypops.jpg', 3),
(449, 'maraquan krawk', 'downloaded_images\\curse-of-maraqua\\maraquan krawk.jpg', 3),
(450, 'maraquan paint brush', 'downloaded_images\\curse-of-maraqua\\maraquan paint brush.jpg', 3),
(451, 'maraquan scorchio', 'downloaded_images\\curse-of-maraqua\\maraquan scorchio.jpg', 3),
(452, 'mazzew', 'downloaded_images\\curse-of-maraqua\\mazzew.jpg', 3),
(453, 'meepit', 'downloaded_images\\curse-of-maraqua\\meepit.jpg', 3),
(454, 'mutant peo', 'downloaded_images\\curse-of-maraqua\\mutant peo.jpg', 3),
(455, 'nereid the water faerie', 'downloaded_images\\curse-of-maraqua\\nereid the water faerie.jpg', 3),
(456, 'new maraqua', 'downloaded_images\\curse-of-maraqua\\new maraqua.jpg', 3),
(457, 'old maraqua', 'downloaded_images\\curse-of-maraqua\\old maraqua.jpg', 3),
(458, 'one dubloon coin', 'downloaded_images\\curse-of-maraqua\\one dubloon coin.jpg', 3),
(459, 'peo', 'downloaded_images\\curse-of-maraqua\\peo.jpg', 3),
(460, 'petpetpet swarm', 'downloaded_images\\curse-of-maraqua\\petpetpet swarm.jpg', 3),
(461, 'petrification', 'downloaded_images\\curse-of-maraqua\\petrification.jpg', 3),
(462, 'pirate cutlass', 'downloaded_images\\curse-of-maraqua\\pirate cutlass.jpg', 3),
(463, 'pollution', 'downloaded_images\\curse-of-maraqua\\pollution.jpg', 3),
(464, 'rainbow pearl', 'downloaded_images\\curse-of-maraqua\\rainbow pearl.jpg', 3),
(465, 'red flotsam', 'downloaded_images\\curse-of-maraqua\\red flotsam.jpg', 3),
(466, 'red krawk', 'downloaded_images\\curse-of-maraqua\\red krawk.jpg', 3),
(467, 'red tuskaninny', 'downloaded_images\\curse-of-maraqua\\red tuskaninny.jpg', 3),
(468, 'regulation crossbow', 'downloaded_images\\curse-of-maraqua\\regulation crossbow.jpg', 3),
(469, 'ring of the deep', 'downloaded_images\\curse-of-maraqua\\ring of the deep.jpg', 3),
(470, 'rotten negg', 'downloaded_images\\curse-of-maraqua\\rotten negg.jpg', 3),
(471, 'scorchio avenger', 'downloaded_images\\curse-of-maraqua\\scorchio avenger.jpg', 3),
(472, 'screal', 'downloaded_images\\curse-of-maraqua\\screal.jpg', 3),
(473, 'scurvy island', 'downloaded_images\\curse-of-maraqua\\scurvy island.jpg', 3),
(474, 'sea anemones', 'downloaded_images\\curse-of-maraqua\\sea anemones.jpg', 3),
(475, 'seaweed omelette', 'downloaded_images\\curse-of-maraqua\\seaweed omelette.jpg', 3),
(476, 'smite', 'downloaded_images\\curse-of-maraqua\\smite.jpg', 3),
(477, 'smugglers cove', 'downloaded_images\\curse-of-maraqua\\smugglers cove.jpg', 3),
(478, 'something will happen', 'downloaded_images\\curse-of-maraqua\\something will happen.jpg', 3),
(479, 'starry tuskaninny', 'downloaded_images\\curse-of-maraqua\\starry tuskaninny.jpg', 3),
(480, 'swordmaster talek', 'downloaded_images\\curse-of-maraqua\\swordmaster talek.jpg', 3),
(481, 'tears of caylis', 'downloaded_images\\curse-of-maraqua\\tears of caylis.jpg', 3),
(482, 'the black pawkeet', 'downloaded_images\\curse-of-maraqua\\the black pawkeet.jpg', 3),
(483, 'the drenched', 'downloaded_images\\curse-of-maraqua\\the drenched.jpg', 3),
(484, 'tors gamble', 'downloaded_images\\curse-of-maraqua\\tors gamble.jpg', 3),
(485, 'tournament arena', 'downloaded_images\\curse-of-maraqua\\tournament arena.jpg', 3),
(486, 'tribal headdress', 'downloaded_images\\curse-of-maraqua\\tribal headdress.jpg', 3),
(487, 'trunkard', 'downloaded_images\\curse-of-maraqua\\trunkard.jpg', 3),
(488, 'tuskaninny sailor', 'downloaded_images\\curse-of-maraqua\\tuskaninny sailor.jpg', 3),
(489, 'ummagine', 'downloaded_images\\curse-of-maraqua\\ummagine.jpg', 3),
(490, 'underwater discovery', 'downloaded_images\\curse-of-maraqua\\underwater discovery.jpg', 3),
(491, 'walk the plank', 'downloaded_images\\curse-of-maraqua\\walk the plank.jpg', 3),
(492, 'water mote', 'downloaded_images\\curse-of-maraqua\\water mote.jpg', 3),
(493, 'whirlpool', 'downloaded_images\\curse-of-maraqua\\whirlpool.jpg', 3),
(494, 'white pearl', 'downloaded_images\\curse-of-maraqua\\white pearl.jpg', 3),
(495, 'white primella', 'downloaded_images\\curse-of-maraqua\\white primella.jpg', 3),
(496, 'yellow chomby', 'downloaded_images\\curse-of-maraqua\\yellow chomby.jpg', 3),
(497, 'yellow krawk', 'downloaded_images\\curse-of-maraqua\\yellow krawk.jpg', 3),
(498, 'yellow lenny', 'downloaded_images\\curse-of-maraqua\\yellow lenny.jpg', 3),
(499, 'yurble raider', 'downloaded_images\\curse-of-maraqua\\yurble raider.jpg', 3),
(500, 'zombie flotsam', 'downloaded_images\\curse-of-maraqua\\zombie flotsam.jpg', 3),
(501, 'abominable bori', 'downloaded_images\\darkest-faerie\\abominable bori.jpg', 4),
(502, 'altador', 'downloaded_images\\darkest-faerie\\altador.jpg', 4),
(503, 'altadorian crest', 'downloaded_images\\darkest-faerie\\altadorian crest.jpg', 4),
(504, 'altadorian plate', 'downloaded_images\\darkest-faerie\\altadorian plate.jpg', 4),
(505, 'altadorian sword', 'downloaded_images\\darkest-faerie\\altadorian sword.jpg', 4),
(506, 'amulet of thilg', 'downloaded_images\\darkest-faerie\\amulet of thilg.jpg', 4),
(507, 'angry tax beast', 'downloaded_images\\darkest-faerie\\angry tax beast.jpg', 4),
(508, 'annihilation', 'downloaded_images\\darkest-faerie\\annihilation.jpg', 4),
(509, 'avarice', 'downloaded_images\\darkest-faerie\\avarice.jpg', 4),
(510, 'baby buzz', 'downloaded_images\\darkest-faerie\\baby buzz.jpg', 4),
(511, 'bandit knife', 'downloaded_images\\darkest-faerie\\bandit knife.jpg', 4),
(512, 'beast burger', 'downloaded_images\\darkest-faerie\\beast burger.jpg', 4),
(513, 'bewitched ring', 'downloaded_images\\darkest-faerie\\bewitched ring.jpg', 4),
(514, 'blue buzz', 'downloaded_images\\darkest-faerie\\blue buzz.jpg', 4),
(515, 'blue doglefox', 'downloaded_images\\darkest-faerie\\blue doglefox.jpg', 4),
(516, 'blue eyrie', 'downloaded_images\\darkest-faerie\\blue eyrie.jpg', 4),
(517, 'blue koi', 'downloaded_images\\darkest-faerie\\blue koi.jpg', 4),
(518, 'blue meowclops', 'downloaded_images\\darkest-faerie\\blue meowclops.jpg', 4),
(519, 'blue nimmo', 'downloaded_images\\darkest-faerie\\blue nimmo.jpg', 4),
(520, 'blumaroo apprentice', 'downloaded_images\\darkest-faerie\\blumaroo apprentice.jpg', 4),
(521, 'bogberries', 'downloaded_images\\darkest-faerie\\bogberries.jpg', 4),
(522, 'bogshot village', 'downloaded_images\\darkest-faerie\\bogshot village.jpg', 4),
(523, 'bori mage', 'downloaded_images\\darkest-faerie\\bori mage.jpg', 4),
(524, 'bottled air faerie', 'downloaded_images\\darkest-faerie\\bottled air faerie.jpg', 4),
(525, 'bottled dark faerie', 'downloaded_images\\darkest-faerie\\bottled dark faerie.jpg', 4),
(526, 'bottled earth faerie', 'downloaded_images\\darkest-faerie\\bottled earth faerie.jpg', 4),
(527, 'bottled fire faerie', 'downloaded_images\\darkest-faerie\\bottled fire faerie.jpg', 4),
(528, 'bottled light faerie', 'downloaded_images\\darkest-faerie\\bottled light faerie.jpg', 4),
(529, 'bottled water faerie', 'downloaded_images\\darkest-faerie\\bottled water faerie.jpg', 4),
(530, 'brown eyrie', 'downloaded_images\\darkest-faerie\\brown eyrie.jpg', 4),
(531, 'bruce farmer', 'downloaded_images\\darkest-faerie\\bruce farmer.jpg', 4),
(532, 'bruce watchman', 'downloaded_images\\darkest-faerie\\bruce watchman.jpg', 4),
(533, 'buzz avenger', 'downloaded_images\\darkest-faerie\\buzz avenger.jpg', 4),
(534, 'clasp of darkness', 'downloaded_images\\darkest-faerie\\clasp of darkness.jpg', 4),
(535, 'cloud paint brush', 'downloaded_images\\darkest-faerie\\cloud paint brush.jpg', 4),
(536, 'crokabek', 'downloaded_images\\darkest-faerie\\crokabek.jpg', 4),
(537, 'darkest faerie doll', 'downloaded_images\\darkest-faerie\\darkest faerie doll.jpg', 4),
(538, 'darkest knight', 'downloaded_images\\darkest-faerie\\darkest knight.jpg', 4),
(539, 'designer zelroo', 'downloaded_images\\darkest-faerie\\designer zelroo.jpg', 4),
(540, 'dinner is served', 'downloaded_images\\darkest-faerie\\dinner is served.jpg', 4),
(541, 'disarm', 'downloaded_images\\darkest-faerie\\disarm.jpg', 4),
(542, 'divine intervention', 'downloaded_images\\darkest-faerie\\divine intervention.jpg', 4),
(543, 'draik blacksmith', 'downloaded_images\\darkest-faerie\\draik blacksmith.jpg', 4),
(544, 'endless staircase', 'downloaded_images\\darkest-faerie\\endless staircase.jpg', 4),
(545, 'eyrie defender', 'downloaded_images\\darkest-faerie\\eyrie defender.jpg', 4),
(546, 'faerie asparagus', 'downloaded_images\\darkest-faerie\\faerie asparagus.jpg', 4),
(547, 'faerie festival', 'downloaded_images\\darkest-faerie\\faerie festival.jpg', 4),
(548, 'faerie kacheek', 'downloaded_images\\darkest-faerie\\faerie kacheek.jpg', 4),
(549, 'faerie koi', 'downloaded_images\\darkest-faerie\\faerie koi.jpg', 4),
(550, 'faerie paint brush', 'downloaded_images\\darkest-faerie\\faerie paint brush.jpg', 4),
(551, 'fauna', 'downloaded_images\\darkest-faerie\\fauna.jpg', 4),
(552, 'fire faerie doll', 'downloaded_images\\darkest-faerie\\fire faerie doll.jpg', 4),
(553, 'fire noil', 'downloaded_images\\darkest-faerie\\fire noil.jpg', 4),
(554, 'florin', 'downloaded_images\\darkest-faerie\\florin.jpg', 4),
(555, 'flowper', 'downloaded_images\\darkest-faerie\\flowper.jpg', 4),
(556, 'fog mote', 'downloaded_images\\darkest-faerie\\fog mote.jpg', 4),
(557, 'fyora tower guardian', 'downloaded_images\\darkest-faerie\\fyora tower guardian.jpg', 4),
(558, 'fyoras rod', 'downloaded_images\\darkest-faerie\\fyoras rod.jpg', 4),
(559, 'ghost koi', 'downloaded_images\\darkest-faerie\\ghost koi.jpg', 4),
(560, 'ghostkerchief', 'downloaded_images\\darkest-faerie\\ghostkerchief.jpg', 4),
(561, 'green blumaroo', 'downloaded_images\\darkest-faerie\\green blumaroo.jpg', 4),
(562, 'green bori', 'downloaded_images\\darkest-faerie\\green bori.jpg', 4),
(563, 'green bruce', 'downloaded_images\\darkest-faerie\\green bruce.jpg', 4),
(564, 'green nimmo', 'downloaded_images\\darkest-faerie\\green nimmo.jpg', 4),
(565, 'green turmac', 'downloaded_images\\darkest-faerie\\green turmac.jpg', 4),
(566, 'ixi hunter', 'downloaded_images\\darkest-faerie\\ixi hunter.jpg', 4),
(567, 'ixi plushie', 'downloaded_images\\darkest-faerie\\ixi plushie.jpg', 4),
(568, 'jerdana imprisoned', 'downloaded_images\\darkest-faerie\\jerdana imprisoned.jpg', 4),
(569, 'juppie plant beast', 'downloaded_images\\darkest-faerie\\juppie plant beast.jpg', 4),
(570, 'kacheek urchin', 'downloaded_images\\darkest-faerie\\kacheek urchin.jpg', 4),
(571, 'kidnapped', 'downloaded_images\\darkest-faerie\\kidnapped.jpg', 4),
(572, 'king altador', 'downloaded_images\\darkest-faerie\\king altador.jpg', 4),
(573, 'kiss the mortog', 'downloaded_images\\darkest-faerie\\kiss the mortog.jpg', 4),
(574, 'koi plushie', 'downloaded_images\\darkest-faerie\\koi plushie.jpg', 4),
(575, 'kookith', 'downloaded_images\\darkest-faerie\\kookith.jpg', 4),
(576, 'kreldyfloss', 'downloaded_images\\darkest-faerie\\kreldyfloss.jpg', 4),
(577, 'kreludan blade', 'downloaded_images\\darkest-faerie\\kreludan blade.jpg', 4),
(578, 'letters of devotion', 'downloaded_images\\darkest-faerie\\letters of devotion.jpg', 4),
(579, 'magic robes', 'downloaded_images\\darkest-faerie\\magic robes.jpg', 4),
(580, 'malice', 'downloaded_images\\darkest-faerie\\malice.jpg', 4),
(581, 'malkus vile', 'downloaded_images\\darkest-faerie\\malkus vile.jpg', 4),
(582, 'meerca speed potion', 'downloaded_images\\darkest-faerie\\meerca speed potion.jpg', 4),
(583, 'nimmo traveller', 'downloaded_images\\darkest-faerie\\nimmo traveller.jpg', 4),
(584, 'onions', 'downloaded_images\\darkest-faerie\\onions.jpg', 4),
(585, 'orange draik', 'downloaded_images\\darkest-faerie\\orange draik.jpg', 4),
(586, 'orange kacheek', 'downloaded_images\\darkest-faerie\\orange kacheek.jpg', 4),
(587, 'plushie blumaroo', 'downloaded_images\\darkest-faerie\\plushie blumaroo.jpg', 4),
(588, 'purple juppie', 'downloaded_images\\darkest-faerie\\purple juppie.jpg', 4),
(589, 'purple kacheek', 'downloaded_images\\darkest-faerie\\purple kacheek.jpg', 4),
(590, 'purple wocky', 'downloaded_images\\darkest-faerie\\purple wocky.jpg', 4),
(591, 'rainbow cake', 'downloaded_images\\darkest-faerie\\rainbow cake.jpg', 4),
(592, 'rainbow flare', 'downloaded_images\\darkest-faerie\\rainbow flare.jpg', 4),
(593, 'red blumaroo', 'downloaded_images\\darkest-faerie\\red blumaroo.jpg', 4),
(594, 'red bruce', 'downloaded_images\\darkest-faerie\\red bruce.jpg', 4),
(595, 'red draik', 'downloaded_images\\darkest-faerie\\red draik.jpg', 4),
(596, 'red kadoatie', 'downloaded_images\\darkest-faerie\\red kadoatie.jpg', 4),
(597, 'red koi', 'downloaded_images\\darkest-faerie\\red koi.jpg', 4),
(598, 'red mazzew', 'downloaded_images\\darkest-faerie\\red mazzew.jpg', 4),
(599, 'red skeith', 'downloaded_images\\darkest-faerie\\red skeith.jpg', 4),
(600, 'retreat', 'downloaded_images\\darkest-faerie\\retreat.jpg', 4),
(601, 'roberta of brightvale', 'downloaded_images\\darkest-faerie\\roberta of brightvale.jpg', 4),
(602, 'rock mote', 'downloaded_images\\darkest-faerie\\rock mote.jpg', 4),
(603, 'royal faerie gardens', 'downloaded_images\\darkest-faerie\\royal faerie gardens.jpg', 4),
(604, 'shadow eyrie', 'downloaded_images\\darkest-faerie\\shadow eyrie.jpg', 4),
(605, 'skeith bandit', 'downloaded_images\\darkest-faerie\\skeith bandit.jpg', 4),
(606, 'skeith villager', 'downloaded_images\\darkest-faerie\\skeith villager.jpg', 4),
(607, 'snotty ghost toast', 'downloaded_images\\darkest-faerie\\snotty ghost toast.jpg', 4),
(608, 'solarin', 'downloaded_images\\darkest-faerie\\solarin.jpg', 4),
(609, 'sophies whim', 'downloaded_images\\darkest-faerie\\sophies whim.jpg', 4),
(610, 'sorcerers wand', 'downloaded_images\\darkest-faerie\\sorcerers wand.jpg', 4),
(611, 'speckled nimmo', 'downloaded_images\\darkest-faerie\\speckled nimmo.jpg', 4),
(612, 'spite', 'downloaded_images\\darkest-faerie\\spite.jpg', 4),
(613, 'spyder juice elixir', 'downloaded_images\\darkest-faerie\\spyder juice elixir.jpg', 4),
(614, 'switcheroo', 'downloaded_images\\darkest-faerie\\switcheroo.jpg', 4),
(615, 'tainted altador', 'downloaded_images\\darkest-faerie\\tainted altador.jpg', 4),
(616, 'tainted draik', 'downloaded_images\\darkest-faerie\\tainted draik.jpg', 4),
(617, 'tainted harris', 'downloaded_images\\darkest-faerie\\tainted harris.jpg', 4),
(618, 'tainted ixi', 'downloaded_images\\darkest-faerie\\tainted ixi.jpg', 4),
(619, 'tainted meridell', 'downloaded_images\\darkest-faerie\\tainted meridell.jpg', 4),
(620, 'tainted minions', 'downloaded_images\\darkest-faerie\\tainted minions.jpg', 4),
(621, 'the assassin', 'downloaded_images\\darkest-faerie\\the assassin.jpg', 4),
(622, 'the collector', 'downloaded_images\\darkest-faerie\\the collector.jpg', 4),
(623, 'the dancer', 'downloaded_images\\darkest-faerie\\the dancer.jpg', 4),
(624, 'the darkest faerie', 'downloaded_images\\darkest-faerie\\the darkest faerie.jpg', 4);
INSERT INTO `neopet_card` (`id`, `name`, `image_path`, `set_id`) VALUES
(625, 'the dreamer', 'downloaded_images\\darkest-faerie\\the dreamer.jpg', 4),
(626, 'the farmer', 'downloaded_images\\darkest-faerie\\the farmer.jpg', 4),
(627, 'the first to rise', 'downloaded_images\\darkest-faerie\\the first to rise.jpg', 4),
(628, 'the gatherer', 'downloaded_images\\darkest-faerie\\the gatherer.jpg', 4),
(629, 'the gladiator', 'downloaded_images\\darkest-faerie\\the gladiator.jpg', 4),
(630, 'the hidden tower', 'downloaded_images\\darkest-faerie\\the hidden tower.jpg', 4),
(631, 'the hunter', 'downloaded_images\\darkest-faerie\\the hunter.jpg', 4),
(632, 'the protector', 'downloaded_images\\darkest-faerie\\the protector.jpg', 4),
(633, 'the sleeper', 'downloaded_images\\darkest-faerie\\the sleeper.jpg', 4),
(634, 'the thief', 'downloaded_images\\darkest-faerie\\the thief.jpg', 4),
(635, 'the wave', 'downloaded_images\\darkest-faerie\\the wave.jpg', 4),
(636, 'tor', 'downloaded_images\\darkest-faerie\\tor.jpg', 4),
(637, 'tors challenge', 'downloaded_images\\darkest-faerie\\tors challenge.jpg', 4),
(638, 'treasure map', 'downloaded_images\\darkest-faerie\\treasure map.jpg', 4),
(639, 'treasurer gordos', 'downloaded_images\\darkest-faerie\\treasurer gordos.jpg', 4),
(640, 'turmac roll', 'downloaded_images\\darkest-faerie\\turmac roll.jpg', 4),
(641, 'twelve leaf clover', 'downloaded_images\\darkest-faerie\\twelve leaf clover.jpg', 4),
(642, 'twist of fate', 'downloaded_images\\darkest-faerie\\twist of fate.jpg', 4),
(643, 'vanity', 'downloaded_images\\darkest-faerie\\vanity.jpg', 4),
(644, 'volcano cake', 'downloaded_images\\darkest-faerie\\volcano cake.jpg', 4),
(645, 'wand of the swamp witch', 'downloaded_images\\darkest-faerie\\wand of the swamp witch.jpg', 4),
(646, 'wand of ultranova', 'downloaded_images\\darkest-faerie\\wand of ultranova.jpg', 4),
(647, 'white ixi', 'downloaded_images\\darkest-faerie\\white ixi.jpg', 4),
(648, 'wocky crusader', 'downloaded_images\\darkest-faerie\\wocky crusader.jpg', 4),
(649, 'wocky sewer cleaner', 'downloaded_images\\darkest-faerie\\wocky sewer cleaner.jpg', 4),
(650, 'yellow bori', 'downloaded_images\\darkest-faerie\\yellow bori.jpg', 4),
(651, 'yellow buzz', 'downloaded_images\\darkest-faerie\\yellow buzz.jpg', 4),
(652, 'yellow gallion', 'downloaded_images\\darkest-faerie\\yellow gallion.jpg', 4),
(653, 'yellow ixi', 'downloaded_images\\darkest-faerie\\yellow ixi.jpg', 4),
(654, 'yellow skeith', 'downloaded_images\\darkest-faerie\\yellow skeith.jpg', 4),
(655, 'yellow wocky', 'downloaded_images\\darkest-faerie\\yellow wocky.jpg', 4),
(656, 'abominable snowball', 'downloaded_images\\hannah-and-the-ice-caves\\abominable snowball.jpg', 5),
(657, 'achy head', 'downloaded_images\\hannah-and-the-ice-caves\\achy head.jpg', 5),
(658, 'aisha shopkeeper', 'downloaded_images\\hannah-and-the-ice-caves\\aisha shopkeeper.jpg', 5),
(659, 'alpine challenger', 'downloaded_images\\hannah-and-the-ice-caves\\alpine challenger.jpg', 5),
(660, 'ancient tomb', 'downloaded_images\\hannah-and-the-ice-caves\\ancient tomb.jpg', 5),
(661, 'armin the small', 'downloaded_images\\hannah-and-the-ice-caves\\armin the small.jpg', 5),
(662, 'avalanche', 'downloaded_images\\hannah-and-the-ice-caves\\avalanche.jpg', 5),
(663, 'awakening', 'downloaded_images\\hannah-and-the-ice-caves\\awakening.jpg', 5),
(664, 'baby elephante', 'downloaded_images\\hannah-and-the-ice-caves\\baby elephante.jpg', 5),
(665, 'bag of neopoints', 'downloaded_images\\hannah-and-the-ice-caves\\bag of neopoints.jpg', 5),
(666, 'blue bori', 'downloaded_images\\hannah-and-the-ice-caves\\blue bori.jpg', 5),
(667, 'blue bruce', 'downloaded_images\\hannah-and-the-ice-caves\\blue bruce.jpg', 5),
(668, 'blue flotsam', 'downloaded_images\\hannah-and-the-ice-caves\\blue flotsam.jpg', 5),
(669, 'blue moehog', 'downloaded_images\\hannah-and-the-ice-caves\\blue moehog.jpg', 5),
(670, 'blue scorchstone', 'downloaded_images\\hannah-and-the-ice-caves\\blue scorchstone.jpg', 5),
(671, 'bori guard', 'downloaded_images\\hannah-and-the-ice-caves\\bori guard.jpg', 5),
(672, 'bori miner', 'downloaded_images\\hannah-and-the-ice-caves\\bori miner.jpg', 5),
(673, 'bracers of defence', 'downloaded_images\\hannah-and-the-ice-caves\\bracers of defence.jpg', 5),
(674, 'bringer of night', 'downloaded_images\\hannah-and-the-ice-caves\\bringer of night.jpg', 5),
(675, 'brooch of warmth', 'downloaded_images\\hannah-and-the-ice-caves\\brooch of warmth.jpg', 5),
(676, 'brown grarrl', 'downloaded_images\\hannah-and-the-ice-caves\\brown grarrl.jpg', 5),
(677, 'brown poogle', 'downloaded_images\\hannah-and-the-ice-caves\\brown poogle.jpg', 5),
(678, 'bruce skater', 'downloaded_images\\hannah-and-the-ice-caves\\bruce skater.jpg', 5),
(679, 'candychan', 'downloaded_images\\hannah-and-the-ice-caves\\candychan.jpg', 5),
(680, 'change of plan', 'downloaded_images\\hannah-and-the-ice-caves\\change of plan.jpg', 5),
(681, 'clan mootix', 'downloaded_images\\hannah-and-the-ice-caves\\clan mootix.jpg', 5),
(682, 'cloud shoyru', 'downloaded_images\\hannah-and-the-ice-caves\\cloud shoyru.jpg', 5),
(683, 'crystal ball', 'downloaded_images\\hannah-and-the-ice-caves\\crystal ball.jpg', 5),
(684, 'cybunny collector', 'downloaded_images\\hannah-and-the-ice-caves\\cybunny collector.jpg', 5),
(685, 'cybunny rogue', 'downloaded_images\\hannah-and-the-ice-caves\\cybunny rogue.jpg', 5),
(686, 'double bladed staff', 'downloaded_images\\hannah-and-the-ice-caves\\double bladed staff.jpg', 5),
(687, 'elephante blacksmith', 'downloaded_images\\hannah-and-the-ice-caves\\elephante blacksmith.jpg', 5),
(688, 'elite blaster', 'downloaded_images\\hannah-and-the-ice-caves\\elite blaster.jpg', 5),
(689, 'evil snowball', 'downloaded_images\\hannah-and-the-ice-caves\\evil snowball.jpg', 5),
(690, 'faerie guardian', 'downloaded_images\\hannah-and-the-ice-caves\\faerie guardian.jpg', 5),
(691, 'faerie poogle', 'downloaded_images\\hannah-and-the-ice-caves\\faerie poogle.jpg', 5),
(692, 'faeriecinths', 'downloaded_images\\hannah-and-the-ice-caves\\faeriecinths.jpg', 5),
(693, 'faerieland', 'downloaded_images\\hannah-and-the-ice-caves\\faerieland.jpg', 5),
(694, 'feepit', 'downloaded_images\\hannah-and-the-ice-caves\\feepit.jpg', 5),
(695, 'fire and ice blade', 'downloaded_images\\hannah-and-the-ice-caves\\fire and ice blade.jpg', 5),
(696, 'flotsam raider', 'downloaded_images\\hannah-and-the-ice-caves\\flotsam raider.jpg', 5),
(697, 'form up', 'downloaded_images\\hannah-and-the-ice-caves\\form up.jpg', 5),
(698, 'four leaf clover', 'downloaded_images\\hannah-and-the-ice-caves\\four leaf clover.jpg', 5),
(699, 'frostbite', 'downloaded_images\\hannah-and-the-ice-caves\\frostbite.jpg', 5),
(700, 'frozen longbow', 'downloaded_images\\hannah-and-the-ice-caves\\frozen longbow.jpg', 5),
(701, 'fyoras blessing', 'downloaded_images\\hannah-and-the-ice-caves\\fyoras blessing.jpg', 5),
(702, 'galem darkhand', 'downloaded_images\\hannah-and-the-ice-caves\\galem darkhand.jpg', 5),
(703, 'gelert mountain climber', 'downloaded_images\\hannah-and-the-ice-caves\\gelert mountain climber.jpg', 5),
(704, 'gelert plushie', 'downloaded_images\\hannah-and-the-ice-caves\\gelert plushie.jpg', 5),
(705, 'gelert wizard', 'downloaded_images\\hannah-and-the-ice-caves\\gelert wizard.jpg', 5),
(706, 'ghost negg', 'downloaded_images\\hannah-and-the-ice-caves\\ghost negg.jpg', 5),
(707, 'ghost snowbunny', 'downloaded_images\\hannah-and-the-ice-caves\\ghost snowbunny.jpg', 5),
(708, 'good snowball', 'downloaded_images\\hannah-and-the-ice-caves\\good snowball.jpg', 5),
(709, 'gracklebug paste', 'downloaded_images\\hannah-and-the-ice-caves\\gracklebug paste.jpg', 5),
(710, 'grarrl brute', 'downloaded_images\\hannah-and-the-ice-caves\\grarrl brute.jpg', 5),
(711, 'grarrl warlord', 'downloaded_images\\hannah-and-the-ice-caves\\grarrl warlord.jpg', 5),
(712, 'green aisha', 'downloaded_images\\hannah-and-the-ice-caves\\green aisha.jpg', 5),
(713, 'green cybunny', 'downloaded_images\\hannah-and-the-ice-caves\\green cybunny.jpg', 5),
(714, 'green gelert', 'downloaded_images\\hannah-and-the-ice-caves\\green gelert.jpg', 5),
(715, 'green moehog', 'downloaded_images\\hannah-and-the-ice-caves\\green moehog.jpg', 5),
(716, 'hagan the wise', 'downloaded_images\\hannah-and-the-ice-caves\\hagan the wise.jpg', 5),
(717, 'hannah the cursed', 'downloaded_images\\hannah-and-the-ice-caves\\hannah the cursed.jpg', 5),
(718, 'hannah the usuki doll', 'downloaded_images\\hannah-and-the-ice-caves\\hannah the usuki doll.jpg', 5),
(719, 'hannahs magic rope', 'downloaded_images\\hannah-and-the-ice-caves\\hannahs magic rope.jpg', 5),
(720, 'happy valley', 'downloaded_images\\hannah-and-the-ice-caves\\happy valley.jpg', 5),
(721, 'healing springs', 'downloaded_images\\hannah-and-the-ice-caves\\healing springs.jpg', 5),
(722, 'heart of the mountain', 'downloaded_images\\hannah-and-the-ice-caves\\heart of the mountain.jpg', 5),
(723, 'hot chocolate', 'downloaded_images\\hannah-and-the-ice-caves\\hot chocolate.jpg', 5),
(724, 'icetravaganza', 'downloaded_images\\hannah-and-the-ice-caves\\icetravaganza.jpg', 5),
(725, 'icy negg', 'downloaded_images\\hannah-and-the-ice-caves\\icy negg.jpg', 5),
(726, 'icy skeleton hordes', 'downloaded_images\\hannah-and-the-ice-caves\\icy skeleton hordes.jpg', 5),
(727, 'invisible doglefox', 'downloaded_images\\hannah-and-the-ice-caves\\invisible doglefox.jpg', 5),
(728, 'island flotsam', 'downloaded_images\\hannah-and-the-ice-caves\\island flotsam.jpg', 5),
(729, 'jhudoras quest', 'downloaded_images\\hannah-and-the-ice-caves\\jhudoras quest.jpg', 5),
(730, 'kanrik', 'downloaded_images\\hannah-and-the-ice-caves\\kanrik.jpg', 5),
(731, 'kanriks blade', 'downloaded_images\\hannah-and-the-ice-caves\\kanriks blade.jpg', 5),
(732, 'kauvara', 'downloaded_images\\hannah-and-the-ice-caves\\kauvara.jpg', 5),
(733, 'keeper of time', 'downloaded_images\\hannah-and-the-ice-caves\\keeper of time.jpg', 5),
(734, 'kyrii explorer', 'downloaded_images\\hannah-and-the-ice-caves\\kyrii explorer.jpg', 5),
(735, 'kyrii thief', 'downloaded_images\\hannah-and-the-ice-caves\\kyrii thief.jpg', 5),
(736, 'lemon snow puff', 'downloaded_images\\hannah-and-the-ice-caves\\lemon snow puff.jpg', 5),
(737, 'lishas quest', 'downloaded_images\\hannah-and-the-ice-caves\\lishas quest.jpg', 5),
(738, 'lower ice caves', 'downloaded_images\\hannah-and-the-ice-caves\\lower ice caves.jpg', 5),
(739, 'mark of ta kutep', 'downloaded_images\\hannah-and-the-ice-caves\\mark of ta kutep.jpg', 5),
(740, 'masila', 'downloaded_images\\hannah-and-the-ice-caves\\masila.jpg', 5),
(741, 'masilas brooch', 'downloaded_images\\hannah-and-the-ice-caves\\masilas brooch.jpg', 5),
(742, 'masilas cloak', 'downloaded_images\\hannah-and-the-ice-caves\\masilas cloak.jpg', 5),
(743, 'mercenaries', 'downloaded_images\\hannah-and-the-ice-caves\\mercenaries.jpg', 5),
(744, 'misfortune', 'downloaded_images\\hannah-and-the-ice-caves\\misfortune.jpg', 5),
(745, 'moehog chef', 'downloaded_images\\hannah-and-the-ice-caves\\moehog chef.jpg', 5),
(746, 'moehog footpad', 'downloaded_images\\hannah-and-the-ice-caves\\moehog footpad.jpg', 5),
(747, 'moehog plushie', 'downloaded_images\\hannah-and-the-ice-caves\\moehog plushie.jpg', 5),
(748, 'niptor', 'downloaded_images\\hannah-and-the-ice-caves\\niptor.jpg', 5),
(749, 'omelette of the faeries', 'downloaded_images\\hannah-and-the-ice-caves\\omelette of the faeries.jpg', 5),
(750, 'ona', 'downloaded_images\\hannah-and-the-ice-caves\\ona.jpg', 5),
(751, 'orange aisha', 'downloaded_images\\hannah-and-the-ice-caves\\orange aisha.jpg', 5),
(752, 'pickled greeble tongue', 'downloaded_images\\hannah-and-the-ice-caves\\pickled greeble tongue.jpg', 5),
(753, 'polarchuck', 'downloaded_images\\hannah-and-the-ice-caves\\polarchuck.jpg', 5),
(754, 'poogle merchant', 'downloaded_images\\hannah-and-the-ice-caves\\poogle merchant.jpg', 5),
(755, 'purple grarrl', 'downloaded_images\\hannah-and-the-ice-caves\\purple grarrl.jpg', 5),
(756, 'purple shoyru', 'downloaded_images\\hannah-and-the-ice-caves\\purple shoyru.jpg', 5),
(757, 'purrows amulet', 'downloaded_images\\hannah-and-the-ice-caves\\purrows amulet.jpg', 5),
(758, 'raspberries', 'downloaded_images\\hannah-and-the-ice-caves\\raspberries.jpg', 5),
(759, 'red bori', 'downloaded_images\\hannah-and-the-ice-caves\\red bori.jpg', 5),
(760, 'red elephante', 'downloaded_images\\hannah-and-the-ice-caves\\red elephante.jpg', 5),
(761, 'red gelert', 'downloaded_images\\hannah-and-the-ice-caves\\red gelert.jpg', 5),
(762, 'red kyrii', 'downloaded_images\\hannah-and-the-ice-caves\\red kyrii.jpg', 5),
(763, 'red poogle', 'downloaded_images\\hannah-and-the-ice-caves\\red poogle.jpg', 5),
(764, 'safety deposit box', 'downloaded_images\\hannah-and-the-ice-caves\\safety deposit box.jpg', 5),
(765, 'selfishness', 'downloaded_images\\hannah-and-the-ice-caves\\selfishness.jpg', 5),
(766, 'shivering potion', 'downloaded_images\\hannah-and-the-ice-caves\\shivering potion.jpg', 5),
(767, 'shoyru archer', 'downloaded_images\\hannah-and-the-ice-caves\\shoyru archer.jpg', 5),
(768, 'skarls orders', 'downloaded_images\\hannah-and-the-ice-caves\\skarls orders.jpg', 5),
(769, 'slorg slime', 'downloaded_images\\hannah-and-the-ice-caves\\slorg slime.jpg', 5),
(770, 'sniffles', 'downloaded_images\\hannah-and-the-ice-caves\\sniffles.jpg', 5),
(771, 'snow aisha', 'downloaded_images\\hannah-and-the-ice-caves\\snow aisha.jpg', 5),
(772, 'snow beast', 'downloaded_images\\hannah-and-the-ice-caves\\snow beast.jpg', 5),
(773, 'snow bruce', 'downloaded_images\\hannah-and-the-ice-caves\\snow bruce.jpg', 5),
(774, 'snow faerie token', 'downloaded_images\\hannah-and-the-ice-caves\\snow faerie token.jpg', 5),
(775, 'snow flame', 'downloaded_images\\hannah-and-the-ice-caves\\snow flame.jpg', 5),
(776, 'snow paint brush', 'downloaded_images\\hannah-and-the-ice-caves\\snow paint brush.jpg', 5),
(777, 'snowager ice lolly', 'downloaded_images\\hannah-and-the-ice-caves\\snowager ice lolly.jpg', 5),
(778, 'snowager scale', 'downloaded_images\\hannah-and-the-ice-caves\\snowager scale.jpg', 5),
(779, 'snowball flurry', 'downloaded_images\\hannah-and-the-ice-caves\\snowball flurry.jpg', 5),
(780, 'snowberries', 'downloaded_images\\hannah-and-the-ice-caves\\snowberries.jpg', 5),
(781, 'snowflea grass', 'downloaded_images\\hannah-and-the-ice-caves\\snowflea grass.jpg', 5),
(782, 'snowickle', 'downloaded_images\\hannah-and-the-ice-caves\\snowickle.jpg', 5),
(783, 'soup faerie', 'downloaded_images\\hannah-and-the-ice-caves\\soup faerie.jpg', 5),
(784, 'spellmotes', 'downloaded_images\\hannah-and-the-ice-caves\\spellmotes.jpg', 5),
(785, 'spotted meowclops', 'downloaded_images\\hannah-and-the-ice-caves\\spotted meowclops.jpg', 5),
(786, 'spotted paint brush', 'downloaded_images\\hannah-and-the-ice-caves\\spotted paint brush.jpg', 5),
(787, 'strawberry brucicle', 'downloaded_images\\hannah-and-the-ice-caves\\strawberry brucicle.jpg', 5),
(788, 'taelia the snow faerie', 'downloaded_images\\hannah-and-the-ice-caves\\taelia the snow faerie.jpg', 5),
(789, 'tax beast', 'downloaded_images\\hannah-and-the-ice-caves\\tax beast.jpg', 5),
(790, 'terror mountain', 'downloaded_images\\hannah-and-the-ice-caves\\terror mountain.jpg', 5),
(791, 'thawing potion', 'downloaded_images\\hannah-and-the-ice-caves\\thawing potion.jpg', 5),
(792, 'the legend of jeran', 'downloaded_images\\hannah-and-the-ice-caves\\the legend of jeran.jpg', 5),
(793, 'thieves guild', 'downloaded_images\\hannah-and-the-ice-caves\\thieves guild.jpg', 5),
(794, 'thin ice', 'downloaded_images\\hannah-and-the-ice-caves\\thin ice.jpg', 5),
(795, 'valin the quick', 'downloaded_images\\hannah-and-the-ice-caves\\valin the quick.jpg', 5),
(796, 'wand of ice', 'downloaded_images\\hannah-and-the-ice-caves\\wand of ice.jpg', 5),
(797, 'warf rescue team', 'downloaded_images\\hannah-and-the-ice-caves\\warf rescue team.jpg', 5),
(798, 'white hasee', 'downloaded_images\\hannah-and-the-ice-caves\\white hasee.jpg', 5),
(799, 'white shoyru', 'downloaded_images\\hannah-and-the-ice-caves\\white shoyru.jpg', 5),
(800, 'yellow bruce', 'downloaded_images\\hannah-and-the-ice-caves\\yellow bruce.jpg', 5),
(801, 'yellow cybunny', 'downloaded_images\\hannah-and-the-ice-caves\\yellow cybunny.jpg', 5),
(802, 'yellow elephante', 'downloaded_images\\hannah-and-the-ice-caves\\yellow elephante.jpg', 5),
(803, 'yellow flotsam', 'downloaded_images\\hannah-and-the-ice-caves\\yellow flotsam.jpg', 5),
(804, 'yellow kyrii', 'downloaded_images\\hannah-and-the-ice-caves\\yellow kyrii.jpg', 5),
(805, 'yullie', 'downloaded_images\\hannah-and-the-ice-caves\\yullie.jpg', 5),
(806, 'anubis plushie', 'downloaded_images\\lost-desert\\anubis plushie.jpg', 6),
(807, 'anubis', 'downloaded_images\\lost-desert\\anubis.jpg', 6),
(808, 'apis', 'downloaded_images\\lost-desert\\apis.jpg', 6),
(809, 'baby jetsam', 'downloaded_images\\lost-desert\\baby jetsam.jpg', 6),
(810, 'bagguss', 'downloaded_images\\lost-desert\\bagguss.jpg', 6),
(811, 'bazaar of wonders', 'downloaded_images\\lost-desert\\bazaar of wonders.jpg', 6),
(812, 'blue jubjub', 'downloaded_images\\lost-desert\\blue jubjub.jpg', 6),
(813, 'blue kau', 'downloaded_images\\lost-desert\\blue kau.jpg', 6),
(814, 'blue tonu', 'downloaded_images\\lost-desert\\blue tonu.jpg', 6),
(815, 'blue warf', 'downloaded_images\\lost-desert\\blue warf.jpg', 6),
(816, 'book of scarabs', 'downloaded_images\\lost-desert\\book of scarabs.jpg', 6),
(817, 'bow of searing dawn', 'downloaded_images\\lost-desert\\bow of searing dawn.jpg', 6),
(818, 'cheery tomatoes', 'downloaded_images\\lost-desert\\cheery tomatoes.jpg', 6),
(819, 'cobrall dagger', 'downloaded_images\\lost-desert\\cobrall dagger.jpg', 6),
(820, 'crest of sakhmet', 'downloaded_images\\lost-desert\\crest of sakhmet.jpg', 6),
(821, 'curse of the mootix', 'downloaded_images\\lost-desert\\curse of the mootix.jpg', 6),
(822, 'cursed strawberries', 'downloaded_images\\lost-desert\\cursed strawberries.jpg', 6),
(823, 'dead of night', 'downloaded_images\\lost-desert\\dead of night.jpg', 6),
(824, 'desert ruins', 'downloaded_images\\lost-desert\\desert ruins.jpg', 6),
(825, 'desert scimitar', 'downloaded_images\\lost-desert\\desert scimitar.jpg', 6),
(826, 'everlasting hiccups', 'downloaded_images\\lost-desert\\everlasting hiccups.jpg', 6),
(827, 'faellie', 'downloaded_images\\lost-desert\\faellie.jpg', 6),
(828, 'faerie slorg', 'downloaded_images\\lost-desert\\faerie slorg.jpg', 6),
(829, 'fire mote', 'downloaded_images\\lost-desert\\fire mote.jpg', 6),
(830, 'flooding chamber', 'downloaded_images\\lost-desert\\flooding chamber.jpg', 6),
(831, 'forgotten promise', 'downloaded_images\\lost-desert\\forgotten promise.jpg', 6),
(832, 'fyora faerie doll', 'downloaded_images\\lost-desert\\fyora faerie doll.jpg', 6),
(833, 'geb', 'downloaded_images\\lost-desert\\geb.jpg', 6),
(834, 'gebmids', 'downloaded_images\\lost-desert\\gebmids.jpg', 6),
(835, 'golden scorchstone', 'downloaded_images\\lost-desert\\golden scorchstone.jpg', 6),
(836, 'gracklebug', 'downloaded_images\\lost-desert\\gracklebug.jpg', 6),
(837, 'grappling hook', 'downloaded_images\\lost-desert\\grappling hook.jpg', 6),
(838, 'green jetsam', 'downloaded_images\\lost-desert\\green jetsam.jpg', 6),
(839, 'green ruki', 'downloaded_images\\lost-desert\\green ruki.jpg', 6),
(840, 'green tonu', 'downloaded_images\\lost-desert\\green tonu.jpg', 6),
(841, 'horace the poor', 'downloaded_images\\lost-desert\\horace the poor.jpg', 6),
(842, 'hot feet', 'downloaded_images\\lost-desert\\hot feet.jpg', 6),
(843, 'jetsam shark', 'downloaded_images\\lost-desert\\jetsam shark.jpg', 6),
(844, 'jubjub bandit', 'downloaded_images\\lost-desert\\jubjub bandit.jpg', 6),
(845, 'jubjub morphing potion', 'downloaded_images\\lost-desert\\jubjub morphing potion.jpg', 6),
(846, 'jubjub performer', 'downloaded_images\\lost-desert\\jubjub performer.jpg', 6),
(847, 'kau fortune teller', 'downloaded_images\\lost-desert\\kau fortune teller.jpg', 6),
(848, 'khonsu', 'downloaded_images\\lost-desert\\khonsu.jpg', 6),
(849, 'laziness', 'downloaded_images\\lost-desert\\laziness.jpg', 6),
(850, 'lost desert paint brush', 'downloaded_images\\lost-desert\\lost desert paint brush.jpg', 6),
(851, 'mark of the scarab', 'downloaded_images\\lost-desert\\mark of the scarab.jpg', 6),
(852, 'megan', 'downloaded_images\\lost-desert\\megan.jpg', 6),
(853, 'mirage', 'downloaded_images\\lost-desert\\mirage.jpg', 6),
(854, 'moehog explorer', 'downloaded_images\\lost-desert\\moehog explorer.jpg', 6),
(855, 'moehog pickpocket', 'downloaded_images\\lost-desert\\moehog pickpocket.jpg', 6),
(856, 'mummified negg', 'downloaded_images\\lost-desert\\mummified negg.jpg', 6),
(857, 'mutant bearog', 'downloaded_images\\lost-desert\\mutant bearog.jpg', 6),
(858, 'nabile', 'downloaded_images\\lost-desert\\nabile.jpg', 6),
(859, 'nightsteed', 'downloaded_images\\lost-desert\\nightsteed.jpg', 6),
(860, 'nuria', 'downloaded_images\\lost-desert\\nuria.jpg', 6),
(861, 'plains of despair', 'downloaded_images\\lost-desert\\plains of despair.jpg', 6),
(862, 'potion of invisibility', 'downloaded_images\\lost-desert\\potion of invisibility.jpg', 6),
(863, 'prince jazan', 'downloaded_images\\lost-desert\\prince jazan.jpg', 6),
(864, 'princess amira', 'downloaded_images\\lost-desert\\princess amira.jpg', 6),
(865, 'pyramibread', 'downloaded_images\\lost-desert\\pyramibread.jpg', 6),
(866, 'qasalan tablets', 'downloaded_images\\lost-desert\\qasalan tablets.jpg', 6),
(867, 'rainbow sticky hand', 'downloaded_images\\lost-desert\\rainbow sticky hand.jpg', 6),
(868, 'raining kadoaties', 'downloaded_images\\lost-desert\\raining kadoaties.jpg', 6),
(869, 'red jubjub', 'downloaded_images\\lost-desert\\red jubjub.jpg', 6),
(870, 'red kau', 'downloaded_images\\lost-desert\\red kau.jpg', 6),
(871, 'red moehog', 'downloaded_images\\lost-desert\\red moehog.jpg', 6),
(872, 'ring of the lost', 'downloaded_images\\lost-desert\\ring of the lost.jpg', 6),
(873, 'royal wedding ring', 'downloaded_images\\lost-desert\\royal wedding ring.jpg', 6),
(874, 'ruki mummy', 'downloaded_images\\lost-desert\\ruki mummy.jpg', 6),
(875, 'ruki patrol', 'downloaded_images\\lost-desert\\ruki patrol.jpg', 6),
(876, 'ruki plushie', 'downloaded_images\\lost-desert\\ruki plushie.jpg', 6),
(877, 'sakhmet city', 'downloaded_images\\lost-desert\\sakhmet city.jpg', 6),
(878, 'sakhmet oasis', 'downloaded_images\\lost-desert\\sakhmet oasis.jpg', 6),
(879, 'sandstorm', 'downloaded_images\\lost-desert\\sandstorm.jpg', 6),
(880, 'scamander', 'downloaded_images\\lost-desert\\scamander.jpg', 6),
(881, 'sceptre of qasala', 'downloaded_images\\lost-desert\\sceptre of qasala.jpg', 6),
(882, 'scorched negg', 'downloaded_images\\lost-desert\\scorched negg.jpg', 6),
(883, 'scordrax the furious', 'downloaded_images\\lost-desert\\scordrax the furious.jpg', 6),
(884, 'sophie the swamp witch', 'downloaded_images\\lost-desert\\sophie the swamp witch.jpg', 6),
(885, 'spike trap', 'downloaded_images\\lost-desert\\spike trap.jpg', 6),
(886, 'spirit of the ruins', 'downloaded_images\\lost-desert\\spirit of the ruins.jpg', 6),
(887, 'spotted kau', 'downloaded_images\\lost-desert\\spotted kau.jpg', 6),
(888, 'stop thief', 'downloaded_images\\lost-desert\\stop thief.jpg', 6),
(889, 'swarm of scamanders', 'downloaded_images\\lost-desert\\swarm of scamanders.jpg', 6),
(890, 'swarm of undead', 'downloaded_images\\lost-desert\\swarm of undead.jpg', 6),
(891, 'tchea fruit', 'downloaded_images\\lost-desert\\tchea fruit.jpg', 6),
(892, 'the snowager', 'downloaded_images\\lost-desert\\the snowager.jpg', 6),
(893, 'tomos', 'downloaded_images\\lost-desert\\tomos.jpg', 6),
(894, 'tonu desert strider', 'downloaded_images\\lost-desert\\tonu desert strider.jpg', 6),
(895, 'tonu palace guard', 'downloaded_images\\lost-desert\\tonu palace guard.jpg', 6),
(896, 'unsolvable riddle', 'downloaded_images\\lost-desert\\unsolvable riddle.jpg', 6),
(897, 'vanishing city', 'downloaded_images\\lost-desert\\vanishing city.jpg', 6),
(898, 'vile stench of zal bora', 'downloaded_images\\lost-desert\\vile stench of zal bora.jpg', 6),
(899, 'wadjet', 'downloaded_images\\lost-desert\\wadjet.jpg', 6),
(900, 'wheel of excitement', 'downloaded_images\\lost-desert\\wheel of excitement.jpg', 6),
(901, 'wheel of knowledge', 'downloaded_images\\lost-desert\\wheel of knowledge.jpg', 6),
(902, 'yellow jetsam', 'downloaded_images\\lost-desert\\yellow jetsam.jpg', 6),
(903, 'yellow mazzew', 'downloaded_images\\lost-desert\\yellow mazzew.jpg', 6),
(904, 'yellow moehog', 'downloaded_images\\lost-desert\\yellow moehog.jpg', 6),
(905, 'yellow ruki', 'downloaded_images\\lost-desert\\yellow ruki.jpg', 6),
(906, 'acorn toy', 'downloaded_images\\mystery-island\\acorn toy.jpg', 7),
(907, 'baby blu', 'downloaded_images\\mystery-island\\baby blu.jpg', 7),
(908, 'banishment', 'downloaded_images\\mystery-island\\banishment.jpg', 7),
(909, 'blue krawk', 'downloaded_images\\mystery-island\\blue krawk.jpg', 7),
(910, 'blue peophin', 'downloaded_images\\mystery-island\\blue peophin.jpg', 7),
(911, 'bottle of green sand', 'downloaded_images\\mystery-island\\bottle of green sand.jpg', 7),
(912, 'bri codestone', 'downloaded_images\\mystery-island\\bri codestone.jpg', 7),
(913, 'brown mynci', 'downloaded_images\\mystery-island\\brown mynci.jpg', 7),
(914, 'cheesy pineapple sticks', 'downloaded_images\\mystery-island\\cheesy pineapple sticks.jpg', 7),
(915, 'cherry wish stick', 'downloaded_images\\mystery-island\\cherry wish stick.jpg', 7),
(916, 'cocobolas', 'downloaded_images\\mystery-island\\cocobolas.jpg', 7),
(917, 'cooking pot', 'downloaded_images\\mystery-island\\cooking pot.jpg', 7),
(918, 'curse stick', 'downloaded_images\\mystery-island\\curse stick.jpg', 7),
(919, 'doughnutfruit', 'downloaded_images\\mystery-island\\doughnutfruit.jpg', 7),
(920, 'eithne', 'downloaded_images\\mystery-island\\eithne.jpg', 7),
(921, 'engraved boomerang', 'downloaded_images\\mystery-island\\engraved boomerang.jpg', 7),
(922, 'fish negg', 'downloaded_images\\mystery-island\\fish negg.jpg', 7),
(923, 'footprints', 'downloaded_images\\mystery-island\\footprints.jpg', 7),
(924, 'fumpu leaf medallion', 'downloaded_images\\mystery-island\\fumpu leaf medallion.jpg', 7),
(925, 'funnydew melon', 'downloaded_images\\mystery-island\\funnydew melon.jpg', 7),
(926, 'gadgadsbogen', 'downloaded_images\\mystery-island\\gadgadsbogen.jpg', 7),
(927, 'green grass skirt', 'downloaded_images\\mystery-island\\green grass skirt.jpg', 7),
(928, 'green kougra', 'downloaded_images\\mystery-island\\green kougra.jpg', 7),
(929, 'green krawk', 'downloaded_images\\mystery-island\\green krawk.jpg', 7),
(930, 'green peophin', 'downloaded_images\\mystery-island\\green peophin.jpg', 7),
(931, 'guess the card', 'downloaded_images\\mystery-island\\guess the card.jpg', 7),
(932, 'gulper', 'downloaded_images\\mystery-island\\gulper.jpg', 7),
(933, 'hannah the usul', 'downloaded_images\\mystery-island\\hannah the usul.jpg', 7),
(934, 'har codestone', 'downloaded_images\\mystery-island\\har codestone.jpg', 7),
(935, 'hungry natives', 'downloaded_images\\mystery-island\\hungry natives.jpg', 7),
(936, 'invisible mynci', 'downloaded_images\\mystery-island\\invisible mynci.jpg', 7),
(937, 'island acara plushie', 'downloaded_images\\mystery-island\\island acara plushie.jpg', 7),
(938, 'island angelpuss', 'downloaded_images\\mystery-island\\island angelpuss.jpg', 7),
(939, 'island kadoatie', 'downloaded_images\\mystery-island\\island kadoatie.jpg', 7),
(940, 'island lei', 'downloaded_images\\mystery-island\\island lei.jpg', 7),
(941, 'island paint brush', 'downloaded_images\\mystery-island\\island paint brush.jpg', 7),
(942, 'island peophin', 'downloaded_images\\mystery-island\\island peophin.jpg', 7),
(943, 'island whinny', 'downloaded_images\\mystery-island\\island whinny.jpg', 7),
(944, 'jhudiah', 'downloaded_images\\mystery-island\\jhudiah.jpg', 7),
(945, 'kastraliss', 'downloaded_images\\mystery-island\\kastraliss.jpg', 7),
(946, 'kiko squeeze toy', 'downloaded_images\\mystery-island\\kiko squeeze toy.jpg', 7),
(947, 'kougra archaeologist', 'downloaded_images\\mystery-island\\kougra archaeologist.jpg', 7),
(948, 'kougra chieftain', 'downloaded_images\\mystery-island\\kougra chieftain.jpg', 7),
(949, 'krakuberry juice', 'downloaded_images\\mystery-island\\krakuberry juice.jpg', 7),
(950, 'krawk shaman', 'downloaded_images\\mystery-island\\krawk shaman.jpg', 7),
(951, 'lu codestone', 'downloaded_images\\mystery-island\\lu codestone.jpg', 7),
(952, 'mau codestone', 'downloaded_images\\mystery-island\\mau codestone.jpg', 7),
(953, 'meerca brothers', 'downloaded_images\\mystery-island\\meerca brothers.jpg', 7),
(954, 'moltenus', 'downloaded_images\\mystery-island\\moltenus.jpg', 7),
(955, 'monsoon', 'downloaded_images\\mystery-island\\monsoon.jpg', 7),
(956, 'mudslide', 'downloaded_images\\mystery-island\\mudslide.jpg', 7),
(957, 'muntando fruit', 'downloaded_images\\mystery-island\\muntando fruit.jpg', 7),
(958, 'mynci safari guide', 'downloaded_images\\mystery-island\\mynci safari guide.jpg', 7),
(959, 'oops', 'downloaded_images\\mystery-island\\oops.jpg', 7),
(960, 'orange mynci', 'downloaded_images\\mystery-island\\orange mynci.jpg', 7),
(961, 'peophin waverider', 'downloaded_images\\mystery-island\\peophin waverider.jpg', 7),
(962, 'pirate krawk', 'downloaded_images\\mystery-island\\pirate krawk.jpg', 7),
(963, 'potgatkerchi', 'downloaded_images\\mystery-island\\potgatkerchi.jpg', 7),
(964, 'primella', 'downloaded_images\\mystery-island\\primella.jpg', 7),
(965, 'pteri lookout', 'downloaded_images\\mystery-island\\pteri lookout.jpg', 7),
(966, 'purplums', 'downloaded_images\\mystery-island\\purplums.jpg', 7),
(967, 'quicksand', 'downloaded_images\\mystery-island\\quicksand.jpg', 7),
(968, 'rainbow pteri', 'downloaded_images\\mystery-island\\rainbow pteri.jpg', 7),
(969, 'ramosan', 'downloaded_images\\mystery-island\\ramosan.jpg', 7),
(970, 'red pteri', 'downloaded_images\\mystery-island\\red pteri.jpg', 7),
(971, 'red techo', 'downloaded_images\\mystery-island\\red techo.jpg', 7),
(972, 'ring of weightlessness', 'downloaded_images\\mystery-island\\ring of weightlessness.jpg', 7),
(973, 'rufus', 'downloaded_images\\mystery-island\\rufus.jpg', 7),
(974, 'ruined city', 'downloaded_images\\mystery-island\\ruined city.jpg', 7),
(975, 'salvaged goods', 'downloaded_images\\mystery-island\\salvaged goods.jpg', 7),
(976, 'shell acara totem', 'downloaded_images\\mystery-island\\shell acara totem.jpg', 7),
(977, 'slugawoo', 'downloaded_images\\mystery-island\\slugawoo.jpg', 7),
(978, 'snarling totem', 'downloaded_images\\mystery-island\\snarling totem.jpg', 7),
(979, 'snotbunny', 'downloaded_images\\mystery-island\\snotbunny.jpg', 7),
(980, 'star gazing', 'downloaded_images\\mystery-island\\star gazing.jpg', 7),
(981, 'tagobo potion', 'downloaded_images\\mystery-island\\tagobo potion.jpg', 7),
(982, 'techo adept', 'downloaded_images\\mystery-island\\techo adept.jpg', 7),
(983, 'techo fisherman', 'downloaded_images\\mystery-island\\techo fisherman.jpg', 7),
(984, 'techo master', 'downloaded_images\\mystery-island\\techo master.jpg', 7),
(985, 'thornberry', 'downloaded_images\\mystery-island\\thornberry.jpg', 7),
(986, 'tiki bomb', 'downloaded_images\\mystery-island\\tiki bomb.jpg', 7),
(987, 'tiki party', 'downloaded_images\\mystery-island\\tiki party.jpg', 7),
(988, 'tiki tack man', 'downloaded_images\\mystery-island\\tiki tack man.jpg', 7),
(989, 'trading post', 'downloaded_images\\mystery-island\\trading post.jpg', 7),
(990, 'training school', 'downloaded_images\\mystery-island\\training school.jpg', 7),
(991, 'tribal blowgun', 'downloaded_images\\mystery-island\\tribal blowgun.jpg', 7),
(992, 'tura kepek', 'downloaded_images\\mystery-island\\tura kepek.jpg', 7),
(993, 'undiscovered treasure', 'downloaded_images\\mystery-island\\undiscovered treasure.jpg', 7),
(994, 'volcanic eruption', 'downloaded_images\\mystery-island\\volcanic eruption.jpg', 7),
(995, 'volcano', 'downloaded_images\\mystery-island\\volcano.jpg', 7),
(996, 'voodoo doll', 'downloaded_images\\mystery-island\\voodoo doll.jpg', 7),
(997, 'werelupe claw', 'downloaded_images\\mystery-island\\werelupe claw.jpg', 7),
(998, 'white kougra', 'downloaded_images\\mystery-island\\white kougra.jpg', 7),
(999, 'wishing well', 'downloaded_images\\mystery-island\\wishing well.jpg', 7),
(1000, 'wooden kougra totem', 'downloaded_images\\mystery-island\\wooden kougra totem.jpg', 7),
(1001, 'wooden nimmo totem', 'downloaded_images\\mystery-island\\wooden nimmo totem.jpg', 7),
(1002, 'yellow grass skirt', 'downloaded_images\\mystery-island\\yellow grass skirt.jpg', 7),
(1003, 'yellow pteri', 'downloaded_images\\mystery-island\\yellow pteri.jpg', 7),
(1004, 'yellow techo', 'downloaded_images\\mystery-island\\yellow techo.jpg', 7),
(1005, 'zed codestone', 'downloaded_images\\mystery-island\\zed codestone.jpg', 7),
(1006, 'angelpuss', 'downloaded_images\\return-of-dr-sloth\\angelpuss.jpg', 8),
(1007, 'attack of the oranges', 'downloaded_images\\return-of-dr-sloth\\attack of the oranges.jpg', 8),
(1008, 'battle jubjub', 'downloaded_images\\return-of-dr-sloth\\battle jubjub.jpg', 8),
(1009, 'battle stations', 'downloaded_images\\return-of-dr-sloth\\battle stations.jpg', 8),
(1010, 'blue cybunny', 'downloaded_images\\return-of-dr-sloth\\blue cybunny.jpg', 8),
(1011, 'blue jetsam', 'downloaded_images\\return-of-dr-sloth\\blue jetsam.jpg', 8),
(1012, 'blue kougra', 'downloaded_images\\return-of-dr-sloth\\blue kougra.jpg', 8),
(1013, 'blue sticky hand', 'downloaded_images\\return-of-dr-sloth\\blue sticky hand.jpg', 8),
(1014, 'buzz bully', 'downloaded_images\\return-of-dr-sloth\\buzz bully.jpg', 8),
(1015, 'buzzer', 'downloaded_images\\return-of-dr-sloth\\buzzer.jpg', 8),
(1016, 'bzzt blaster', 'downloaded_images\\return-of-dr-sloth\\bzzt blaster.jpg', 8),
(1017, 'cease fire', 'downloaded_images\\return-of-dr-sloth\\cease fire.jpg', 8),
(1018, 'commander gormos', 'downloaded_images\\return-of-dr-sloth\\commander gormos.jpg', 8),
(1019, 'cooty', 'downloaded_images\\return-of-dr-sloth\\cooty.jpg', 8),
(1020, 'cosmic cheese stars', 'downloaded_images\\return-of-dr-sloth\\cosmic cheese stars.jpg', 8),
(1021, 'cosmic yellow grundo', 'downloaded_images\\return-of-dr-sloth\\cosmic yellow grundo.jpg', 8),
(1022, 'cybunny scout', 'downloaded_images\\return-of-dr-sloth\\cybunny scout.jpg', 8),
(1023, 'cylara', 'downloaded_images\\return-of-dr-sloth\\cylara.jpg', 8),
(1024, 'defence shield v20', 'downloaded_images\\return-of-dr-sloth\\defence shield v20.jpg', 8),
(1025, 'detransmogrifier', 'downloaded_images\\return-of-dr-sloth\\detransmogrifier.jpg', 8),
(1026, 'domination', 'downloaded_images\\return-of-dr-sloth\\domination.jpg', 8),
(1027, 'dr sloth', 'downloaded_images\\return-of-dr-sloth\\dr sloth.jpg', 8),
(1028, 'evil fuzzle', 'downloaded_images\\return-of-dr-sloth\\evil fuzzle.jpg', 8),
(1029, 'evil sloth clone #177', 'downloaded_images\\return-of-dr-sloth\\evil sloth clone #177.jpg', 8),
(1030, 'fyoras wand', 'downloaded_images\\return-of-dr-sloth\\fyoras wand.jpg', 8),
(1031, 'galactic green grundo', 'downloaded_images\\return-of-dr-sloth\\galactic green grundo.jpg', 8),
(1032, 'garoo elite', 'downloaded_images\\return-of-dr-sloth\\garoo elite.jpg', 8),
(1033, 'giant space fungus', 'downloaded_images\\return-of-dr-sloth\\giant space fungus.jpg', 8),
(1034, 'goo blaster', 'downloaded_images\\return-of-dr-sloth\\goo blaster.jpg', 8),
(1035, 'gorix', 'downloaded_images\\return-of-dr-sloth\\gorix.jpg', 8),
(1036, 'gormball', 'downloaded_images\\return-of-dr-sloth\\gormball.jpg', 8),
(1037, 'green buzz', 'downloaded_images\\return-of-dr-sloth\\green buzz.jpg', 8),
(1038, 'green jubjub', 'downloaded_images\\return-of-dr-sloth\\green jubjub.jpg', 8),
(1039, 'green seven', 'downloaded_images\\return-of-dr-sloth\\green seven.jpg', 8),
(1040, 'grobleen salad', 'downloaded_images\\return-of-dr-sloth\\grobleen salad.jpg', 8),
(1041, 'grundo battle helmet', 'downloaded_images\\return-of-dr-sloth\\grundo battle helmet.jpg', 8),
(1042, 'grundo programmer', 'downloaded_images\\return-of-dr-sloth\\grundo programmer.jpg', 8),
(1043, 'grundo veggieballs', 'downloaded_images\\return-of-dr-sloth\\grundo veggieballs.jpg', 8),
(1044, 'grundo warehouse', 'downloaded_images\\return-of-dr-sloth\\grundo warehouse.jpg', 8),
(1045, 'grundos cafe', 'downloaded_images\\return-of-dr-sloth\\grundos cafe.jpg', 8),
(1046, 'gx 4 oscillabot', 'downloaded_images\\return-of-dr-sloth\\gx 4 oscillabot.jpg', 8),
(1047, 'intimidate', 'downloaded_images\\return-of-dr-sloth\\intimidate.jpg', 8),
(1048, 'jetsam ace', 'downloaded_images\\return-of-dr-sloth\\jetsam ace.jpg', 8),
(1049, 'jubjub engineer', 'downloaded_images\\return-of-dr-sloth\\jubjub engineer.jpg', 8),
(1050, 'kougra scientist', 'downloaded_images\\return-of-dr-sloth\\kougra scientist.jpg', 8),
(1051, 'kougra trooper', 'downloaded_images\\return-of-dr-sloth\\kougra trooper.jpg', 8),
(1052, 'kreludor', 'downloaded_images\\return-of-dr-sloth\\kreludor.jpg', 8),
(1053, 'landing party', 'downloaded_images\\return-of-dr-sloth\\landing party.jpg', 8),
(1054, 'maintenance tunnels', 'downloaded_images\\return-of-dr-sloth\\maintenance tunnels.jpg', 8),
(1055, 'malfunction', 'downloaded_images\\return-of-dr-sloth\\malfunction.jpg', 8),
(1056, 'marshmallow grundos', 'downloaded_images\\return-of-dr-sloth\\marshmallow grundos.jpg', 8),
(1057, 'mootix', 'downloaded_images\\return-of-dr-sloth\\mootix.jpg', 8),
(1058, 'mutant babaa', 'downloaded_images\\return-of-dr-sloth\\mutant babaa.jpg', 8),
(1059, 'mutant buzz', 'downloaded_images\\return-of-dr-sloth\\mutant buzz.jpg', 8),
(1060, 'mutant doglefox', 'downloaded_images\\return-of-dr-sloth\\mutant doglefox.jpg', 8),
(1061, 'mutant grundo', 'downloaded_images\\return-of-dr-sloth\\mutant grundo.jpg', 8),
(1062, 'mutant kadoatie', 'downloaded_images\\return-of-dr-sloth\\mutant kadoatie.jpg', 8),
(1063, 'mutox syrup', 'downloaded_images\\return-of-dr-sloth\\mutox syrup.jpg', 8),
(1064, 'neopet v2', 'downloaded_images\\return-of-dr-sloth\\neopet v2.jpg', 8),
(1065, 'orange rambus', 'downloaded_images\\return-of-dr-sloth\\orange rambus.jpg', 8),
(1066, 'planet pops', 'downloaded_images\\return-of-dr-sloth\\planet pops.jpg', 8),
(1067, 'rally', 'downloaded_images\\return-of-dr-sloth\\rally.jpg', 8),
(1068, 'reactor core', 'downloaded_images\\return-of-dr-sloth\\reactor core.jpg', 8),
(1069, 'red buzz', 'downloaded_images\\return-of-dr-sloth\\red buzz.jpg', 8),
(1070, 'red cybunny', 'downloaded_images\\return-of-dr-sloth\\red cybunny.jpg', 8),
(1071, 'red jetsam', 'downloaded_images\\return-of-dr-sloth\\red jetsam.jpg', 8),
(1072, 'resistance hq', 'downloaded_images\\return-of-dr-sloth\\resistance hq.jpg', 8),
(1073, 'retribution', 'downloaded_images\\return-of-dr-sloth\\retribution.jpg', 8),
(1074, 'ring of sloth', 'downloaded_images\\return-of-dr-sloth\\ring of sloth.jpg', 8),
(1075, 'robot jetsam', 'downloaded_images\\return-of-dr-sloth\\robot jetsam.jpg', 8),
(1076, 'robot noil', 'downloaded_images\\return-of-dr-sloth\\robot noil.jpg', 8),
(1077, 'robot spyder', 'downloaded_images\\return-of-dr-sloth\\robot spyder.jpg', 8),
(1078, 'rocket boots', 'downloaded_images\\return-of-dr-sloth\\rocket boots.jpg', 8),
(1079, 'rubbish chute', 'downloaded_images\\return-of-dr-sloth\\rubbish chute.jpg', 8),
(1080, 'ruling the universe', 'downloaded_images\\return-of-dr-sloth\\ruling the universe.jpg', 8),
(1081, 's950 kreludan defender', 'downloaded_images\\return-of-dr-sloth\\s950 kreludan defender.jpg', 8),
(1082, 'save the day', 'downloaded_images\\return-of-dr-sloth\\save the day.jpg', 8),
(1083, 'self destruct sequence', 'downloaded_images\\return-of-dr-sloth\\self destruct sequence.jpg', 8),
(1084, 'sleep ray', 'downloaded_images\\return-of-dr-sloth\\sleep ray.jpg', 8),
(1085, 'slimy negg', 'downloaded_images\\return-of-dr-sloth\\slimy negg.jpg', 8),
(1086, 'slorg', 'downloaded_images\\return-of-dr-sloth\\slorg.jpg', 8),
(1087, 'sloth plushie', 'downloaded_images\\return-of-dr-sloth\\sloth plushie.jpg', 8),
(1088, 'sloth surprise', 'downloaded_images\\return-of-dr-sloth\\sloth surprise.jpg', 8),
(1089, 'sophix ii', 'downloaded_images\\return-of-dr-sloth\\sophix ii.jpg', 8),
(1090, 'space faerie circlet', 'downloaded_images\\return-of-dr-sloth\\space faerie circlet.jpg', 8),
(1091, 'space faerie doll', 'downloaded_images\\return-of-dr-sloth\\space faerie doll.jpg', 8),
(1092, 'space faerie token', 'downloaded_images\\return-of-dr-sloth\\space faerie token.jpg', 8),
(1093, 'space faerie', 'downloaded_images\\return-of-dr-sloth\\space faerie.jpg', 8),
(1094, 'starry cybunny', 'downloaded_images\\return-of-dr-sloth\\starry cybunny.jpg', 8),
(1095, 'starry negg', 'downloaded_images\\return-of-dr-sloth\\starry negg.jpg', 8),
(1096, 'starry paint brush', 'downloaded_images\\return-of-dr-sloth\\starry paint brush.jpg', 8),
(1097, 'unmask', 'downloaded_images\\return-of-dr-sloth\\unmask.jpg', 8),
(1098, 'utility belt', 'downloaded_images\\return-of-dr-sloth\\utility belt.jpg', 8),
(1099, 'vernax', 'downloaded_images\\return-of-dr-sloth\\vernax.jpg', 8),
(1100, 'virtublaster 3000', 'downloaded_images\\return-of-dr-sloth\\virtublaster 3000.jpg', 8),
(1101, 'xarthab', 'downloaded_images\\return-of-dr-sloth\\xarthab.jpg', 8),
(1102, 'yellow jubjub', 'downloaded_images\\return-of-dr-sloth\\yellow jubjub.jpg', 8),
(1103, 'yellow kougra', 'downloaded_images\\return-of-dr-sloth\\yellow kougra.jpg', 8),
(1104, 'ylana skyfire', 'downloaded_images\\return-of-dr-sloth\\ylana skyfire.jpg', 8),
(1105, 'zorlix', 'downloaded_images\\return-of-dr-sloth\\zorlix.jpg', 8),
(1106, 'a tale of woe', 'downloaded_images\\the-haunted-woods\\a tale of woe.jpg', 9),
(1107, 'acara hiker', 'downloaded_images\\the-haunted-woods\\acara hiker.jpg', 9),
(1108, 'acara nurse', 'downloaded_images\\the-haunted-woods\\acara nurse.jpg', 9),
(1109, 'air mote', 'downloaded_images\\the-haunted-woods\\air mote.jpg', 9),
(1110, 'aisha morphing potion', 'downloaded_images\\the-haunted-woods\\aisha morphing potion.jpg', 9),
(1111, 'alien aisha', 'downloaded_images\\the-haunted-woods\\alien aisha.jpg', 9),
(1112, 'anubits', 'downloaded_images\\the-haunted-woods\\anubits.jpg', 9),
(1113, 'archos', 'downloaded_images\\the-haunted-woods\\archos.jpg', 9),
(1114, 'attack broom', 'downloaded_images\\the-haunted-woods\\attack broom.jpg', 9),
(1115, 'attack of the slorgs', 'downloaded_images\\the-haunted-woods\\attack of the slorgs.jpg', 9),
(1116, 'baby cybunny', 'downloaded_images\\the-haunted-woods\\baby cybunny.jpg', 9),
(1117, 'baby korbat', 'downloaded_images\\the-haunted-woods\\baby korbat.jpg', 9),
(1118, 'blue babaa', 'downloaded_images\\the-haunted-woods\\blue babaa.jpg', 9),
(1119, 'blue korbat', 'downloaded_images\\the-haunted-woods\\blue korbat.jpg', 9),
(1120, 'bony grasp', 'downloaded_images\\the-haunted-woods\\bony grasp.jpg', 9),
(1121, 'boo', 'downloaded_images\\the-haunted-woods\\boo.jpg', 9),
(1122, 'broken crackers', 'downloaded_images\\the-haunted-woods\\broken crackers.jpg', 9),
(1123, 'brown aisha', 'downloaded_images\\the-haunted-woods\\brown aisha.jpg', 9),
(1124, 'brown cybunny', 'downloaded_images\\the-haunted-woods\\brown cybunny.jpg', 9),
(1125, 'bruno', 'downloaded_images\\the-haunted-woods\\bruno.jpg', 9),
(1126, 'coconut shy', 'downloaded_images\\the-haunted-woods\\coconut shy.jpg', 9),
(1127, 'creeping shadows', 'downloaded_images\\the-haunted-woods\\creeping shadows.jpg', 9),
(1128, 'curing the plague', 'downloaded_images\\the-haunted-woods\\curing the plague.jpg', 9),
(1129, 'cybunny plushie', 'downloaded_images\\the-haunted-woods\\cybunny plushie.jpg', 9),
(1130, 'dance of the meepits', 'downloaded_images\\the-haunted-woods\\dance of the meepits.jpg', 9),
(1131, 'evil trees', 'downloaded_images\\the-haunted-woods\\evil trees.jpg', 9),
(1132, 'failed experiment', 'downloaded_images\\the-haunted-woods\\failed experiment.jpg', 9),
(1133, 'familiar', 'downloaded_images\\the-haunted-woods\\familiar.jpg', 9),
(1134, 'followers of meow', 'downloaded_images\\the-haunted-woods\\followers of meow.jpg', 9),
(1135, 'fruity star juice', 'downloaded_images\\the-haunted-woods\\fruity star juice.jpg', 9),
(1136, 'ghost lenny', 'downloaded_images\\the-haunted-woods\\ghost lenny.jpg', 9),
(1137, 'ghost meepit', 'downloaded_images\\the-haunted-woods\\ghost meepit.jpg', 9),
(1138, 'ghost spyder', 'downloaded_images\\the-haunted-woods\\ghost spyder.jpg', 9),
(1139, 'golden scratching post', 'downloaded_images\\the-haunted-woods\\golden scratching post.jpg', 9),
(1140, 'green lenny', 'downloaded_images\\the-haunted-woods\\green lenny.jpg', 9),
(1141, 'green meowclops', 'downloaded_images\\the-haunted-woods\\green meowclops.jpg', 9),
(1142, 'green warf', 'downloaded_images\\the-haunted-woods\\green warf.jpg', 9),
(1143, 'grilled ummagine', 'downloaded_images\\the-haunted-woods\\grilled ummagine.jpg', 9),
(1144, 'gypsy camp', 'downloaded_images\\the-haunted-woods\\gypsy camp.jpg', 9),
(1145, 'hall of heroes', 'downloaded_images\\the-haunted-woods\\hall of heroes.jpg', 9),
(1146, 'halloween', 'downloaded_images\\the-haunted-woods\\halloween.jpg', 9),
(1147, 'hide and seek', 'downloaded_images\\the-haunted-woods\\hide and seek.jpg', 9),
(1148, 'hissi oil', 'downloaded_images\\the-haunted-woods\\hissi oil.jpg', 9),
(1149, 'ilere of the woods', 'downloaded_images\\the-haunted-woods\\ilere of the woods.jpg', 9),
(1150, 'illusens quest', 'downloaded_images\\the-haunted-woods\\illusens quest.jpg', 9),
(1151, 'island cybunny', 'downloaded_images\\the-haunted-woods\\island cybunny.jpg', 9),
(1152, 'it came from kreludor', 'downloaded_images\\the-haunted-woods\\it came from kreludor.jpg', 9),
(1153, 'krawk island', 'downloaded_images\\the-haunted-woods\\krawk island.jpg', 9),
(1154, 'lenny curator', 'downloaded_images\\the-haunted-woods\\lenny curator.jpg', 9),
(1155, 'light faerie doll', 'downloaded_images\\the-haunted-woods\\light faerie doll.jpg', 9),
(1156, 'mashed eye potato', 'downloaded_images\\the-haunted-woods\\mashed eye potato.jpg', 9),
(1157, 'mound of grulb', 'downloaded_images\\the-haunted-woods\\mound of grulb.jpg', 9),
(1158, 'mr krawley', 'downloaded_images\\the-haunted-woods\\mr krawley.jpg', 9),
(1159, 'mutant flowper', 'downloaded_images\\the-haunted-woods\\mutant flowper.jpg', 9),
(1160, 'mutant hasee', 'downloaded_images\\the-haunted-woods\\mutant hasee.jpg', 9),
(1161, 'neovia', 'downloaded_images\\the-haunted-woods\\neovia.jpg', 9),
(1162, 'noil gem', 'downloaded_images\\the-haunted-woods\\noil gem.jpg', 9),
(1163, 'nova fruit', 'downloaded_images\\the-haunted-woods\\nova fruit.jpg', 9),
(1164, 'orange acara', 'downloaded_images\\the-haunted-woods\\orange acara.jpg', 9),
(1165, 'orange korbat', 'downloaded_images\\the-haunted-woods\\orange korbat.jpg', 9),
(1166, 'pant devil sandwich', 'downloaded_images\\the-haunted-woods\\pant devil sandwich.jpg', 9),
(1167, 'pink cybunny', 'downloaded_images\\the-haunted-woods\\pink cybunny.jpg', 9),
(1168, 'pocket lab ray', 'downloaded_images\\the-haunted-woods\\pocket lab ray.jpg', 9),
(1169, 'red lenny', 'downloaded_images\\the-haunted-woods\\red lenny.jpg', 9),
(1170, 'red tonu', 'downloaded_images\\the-haunted-woods\\red tonu.jpg', 9),
(1171, 'reginald', 'downloaded_images\\the-haunted-woods\\reginald.jpg', 9),
(1172, 'rolling pin', 'downloaded_images\\the-haunted-woods\\rolling pin.jpg', 9),
(1173, 'royal tonu', 'downloaded_images\\the-haunted-woods\\royal tonu.jpg', 9),
(1174, 'rusty sloth clone #11', 'downloaded_images\\the-haunted-woods\\rusty sloth clone #11.jpg', 9),
(1175, 'sanity check', 'downloaded_images\\the-haunted-woods\\sanity check.jpg', 9),
(1176, 'sasha the dancer', 'downloaded_images\\the-haunted-woods\\sasha the dancer.jpg', 9),
(1177, 'scary abandoned plushie', 'downloaded_images\\the-haunted-woods\\scary abandoned plushie.jpg', 9),
(1178, 'sentient stones', 'downloaded_images\\the-haunted-woods\\sentient stones.jpg', 9),
(1179, 'shadow korbat', 'downloaded_images\\the-haunted-woods\\shadow korbat.jpg', 9),
(1180, 'slymook', 'downloaded_images\\the-haunted-woods\\slymook.jpg', 9),
(1181, 'sophie', 'downloaded_images\\the-haunted-woods\\sophie.jpg', 9),
(1182, 'spooky doughnut', 'downloaded_images\\the-haunted-woods\\spooky doughnut.jpg', 9),
(1183, 'spotted slorg', 'downloaded_images\\the-haunted-woods\\spotted slorg.jpg', 9),
(1184, 'spotted tonu', 'downloaded_images\\the-haunted-woods\\spotted tonu.jpg', 9),
(1185, 'squeezy spyder', 'downloaded_images\\the-haunted-woods\\squeezy spyder.jpg', 9),
(1186, 'test your strength', 'downloaded_images\\the-haunted-woods\\test your strength.jpg', 9),
(1187, 'the founder', 'downloaded_images\\the-haunted-woods\\the founder.jpg', 9),
(1188, 'the haunted woods', 'downloaded_images\\the-haunted-woods\\the haunted woods.jpg', 9),
(1189, 'the taint', 'downloaded_images\\the-haunted-woods\\the taint.jpg', 9),
(1190, 'the wand of wishing', 'downloaded_images\\the-haunted-woods\\the wand of wishing.jpg', 9),
(1191, 'tooth of goregas', 'downloaded_images\\the-haunted-woods\\tooth of goregas.jpg', 9),
(1192, 'touch of von roo', 'downloaded_images\\the-haunted-woods\\touch of von roo.jpg', 9),
(1193, 'transformation', 'downloaded_images\\the-haunted-woods\\transformation.jpg', 9),
(1194, 'trick or treat', 'downloaded_images\\the-haunted-woods\\trick or treat.jpg', 9),
(1195, 'ugly bruno', 'downloaded_images\\the-haunted-woods\\ugly bruno.jpg', 9),
(1196, 'water faerie doll', 'downloaded_images\\the-haunted-woods\\water faerie doll.jpg', 9),
(1197, 'werhond', 'downloaded_images\\the-haunted-woods\\werhond.jpg', 9),
(1198, 'white acara', 'downloaded_images\\the-haunted-woods\\white acara.jpg', 9),
(1199, 'white aisha', 'downloaded_images\\the-haunted-woods\\white aisha.jpg', 9),
(1200, 'witchs hat', 'downloaded_images\\the-haunted-woods\\witchs hat.jpg', 9),
(1201, 'xantan', 'downloaded_images\\the-haunted-woods\\xantan.jpg', 9),
(1202, 'yellow snorkle', 'downloaded_images\\the-haunted-woods\\yellow snorkle.jpg', 9),
(1203, 'yellow tonu', 'downloaded_images\\the-haunted-woods\\yellow tonu.jpg', 9),
(1204, 'zombie aisha', 'downloaded_images\\the-haunted-woods\\zombie aisha.jpg', 9),
(1205, 'zomutt', 'downloaded_images\\the-haunted-woods\\zomutt.jpg', 9),
(1206, 'abominable snowball', 'downloaded_images\\travels-in-neopia\\abominable snowball.jpg', 10),
(1207, 'acara treasure seeker', 'downloaded_images\\travels-in-neopia\\acara treasure seeker.jpg', 10),
(1208, 'aisha shopkeeper', 'downloaded_images\\travels-in-neopia\\aisha shopkeeper.jpg', 10),
(1209, 'alpine challenger', 'downloaded_images\\travels-in-neopia\\alpine challenger.jpg', 10),
(1210, 'anubis', 'downloaded_images\\travels-in-neopia\\anubis.jpg', 10),
(1211, 'apprentice wand', 'downloaded_images\\travels-in-neopia\\apprentice wand.jpg', 10),
(1212, 'asparagus', 'downloaded_images\\travels-in-neopia\\asparagus.jpg', 10),
(1213, 'avalanche', 'downloaded_images\\travels-in-neopia\\avalanche.jpg', 10),
(1214, 'babaa', 'downloaded_images\\travels-in-neopia\\babaa.jpg', 10),
(1215, 'baby blu', 'downloaded_images\\travels-in-neopia\\baby blu.jpg', 10);
INSERT INTO `neopet_card` (`id`, `name`, `image_path`, `set_id`) VALUES
(1216, 'bag of neopoints', 'downloaded_images\\travels-in-neopia\\bag of neopoints.jpg', 10),
(1217, 'banishment', 'downloaded_images\\travels-in-neopia\\banishment.jpg', 10),
(1218, 'battle jubjub', 'downloaded_images\\travels-in-neopia\\battle jubjub.jpg', 10),
(1219, 'battle stations', 'downloaded_images\\travels-in-neopia\\battle stations.jpg', 10),
(1220, 'benny the blade', 'downloaded_images\\travels-in-neopia\\benny the blade.jpg', 10),
(1221, 'blue aisha', 'downloaded_images\\travels-in-neopia\\blue aisha.jpg', 10),
(1222, 'blue blumaroo', 'downloaded_images\\travels-in-neopia\\blue blumaroo.jpg', 10),
(1223, 'blue cybunny', 'downloaded_images\\travels-in-neopia\\blue cybunny.jpg', 10),
(1224, 'blue kougra', 'downloaded_images\\travels-in-neopia\\blue kougra.jpg', 10),
(1225, 'blue moehog', 'downloaded_images\\travels-in-neopia\\blue moehog.jpg', 10),
(1226, 'blue nimmo', 'downloaded_images\\travels-in-neopia\\blue nimmo.jpg', 10),
(1227, 'blue paint brush', 'downloaded_images\\travels-in-neopia\\blue paint brush.jpg', 10),
(1228, 'blue peophin', 'downloaded_images\\travels-in-neopia\\blue peophin.jpg', 10),
(1229, 'blue skeith', 'downloaded_images\\travels-in-neopia\\blue skeith.jpg', 10),
(1230, 'blue sticky hand', 'downloaded_images\\travels-in-neopia\\blue sticky hand.jpg', 10),
(1231, 'blue tonu', 'downloaded_images\\travels-in-neopia\\blue tonu.jpg', 10),
(1232, 'blue wocky', 'downloaded_images\\travels-in-neopia\\blue wocky.jpg', 10),
(1233, 'blue yurble', 'downloaded_images\\travels-in-neopia\\blue yurble.jpg', 10),
(1234, 'blumaroo squire', 'downloaded_images\\travels-in-neopia\\blumaroo squire.jpg', 10),
(1235, 'brown eyrie', 'downloaded_images\\travels-in-neopia\\brown eyrie.jpg', 10),
(1236, 'brown grarrl', 'downloaded_images\\travels-in-neopia\\brown grarrl.jpg', 10),
(1237, 'bubble gun', 'downloaded_images\\travels-in-neopia\\bubble gun.jpg', 10),
(1238, 'capture the snowbunnies', 'downloaded_images\\travels-in-neopia\\capture the snowbunnies.jpg', 10),
(1239, 'caylis', 'downloaded_images\\travels-in-neopia\\caylis.jpg', 10),
(1240, 'cheesy pineapple sticks', 'downloaded_images\\travels-in-neopia\\cheesy pineapple sticks.jpg', 10),
(1241, 'chomby plushie', 'downloaded_images\\travels-in-neopia\\chomby plushie.jpg', 10),
(1242, 'cloud shoyru', 'downloaded_images\\travels-in-neopia\\cloud shoyru.jpg', 10),
(1243, 'coral bracelet', 'downloaded_images\\travels-in-neopia\\coral bracelet.jpg', 10),
(1244, 'darigan paint brush', 'downloaded_images\\travels-in-neopia\\darigan paint brush.jpg', 10),
(1245, 'darigan uni', 'downloaded_images\\travels-in-neopia\\darigan uni.jpg', 10),
(1246, 'desert scimitar', 'downloaded_images\\travels-in-neopia\\desert scimitar.jpg', 10),
(1247, 'dr sloth', 'downloaded_images\\travels-in-neopia\\dr sloth.jpg', 10),
(1248, 'earth faerie leaves', 'downloaded_images\\travels-in-neopia\\earth faerie leaves.jpg', 10),
(1249, 'eithne', 'downloaded_images\\travels-in-neopia\\eithne.jpg', 10),
(1250, 'eliv thade', 'downloaded_images\\travels-in-neopia\\eliv thade.jpg', 10),
(1251, 'faerie dust', 'downloaded_images\\travels-in-neopia\\faerie dust.jpg', 10),
(1252, 'faerie pancakes', 'downloaded_images\\travels-in-neopia\\faerie pancakes.jpg', 10),
(1253, 'faerie poogle', 'downloaded_images\\travels-in-neopia\\faerie poogle.jpg', 10),
(1254, 'faerie slorg', 'downloaded_images\\travels-in-neopia\\faerie slorg.jpg', 10),
(1255, 'faerieland', 'downloaded_images\\travels-in-neopia\\faerieland.jpg', 10),
(1256, 'fyoras blessing', 'downloaded_images\\travels-in-neopia\\fyoras blessing.jpg', 10),
(1257, 'fyoras wand', 'downloaded_images\\travels-in-neopia\\fyoras wand.jpg', 10),
(1258, 'gadgadsbogen', 'downloaded_images\\travels-in-neopia\\gadgadsbogen.jpg', 10),
(1259, 'galactic green grundo', 'downloaded_images\\travels-in-neopia\\galactic green grundo.jpg', 10),
(1260, 'geb', 'downloaded_images\\travels-in-neopia\\geb.jpg', 10),
(1261, 'gelert beast hunter', 'downloaded_images\\travels-in-neopia\\gelert beast hunter.jpg', 10),
(1262, 'ghost korbat', 'downloaded_images\\travels-in-neopia\\ghost korbat.jpg', 10),
(1263, 'ghost snowbunny', 'downloaded_images\\travels-in-neopia\\ghost snowbunny.jpg', 10),
(1264, 'green draik', 'downloaded_images\\travels-in-neopia\\green draik.jpg', 10),
(1265, 'green gelert', 'downloaded_images\\travels-in-neopia\\green gelert.jpg', 10),
(1266, 'green kacheek', 'downloaded_images\\travels-in-neopia\\green kacheek.jpg', 10),
(1267, 'green kiko', 'downloaded_images\\travels-in-neopia\\green kiko.jpg', 10),
(1268, 'green lutari', 'downloaded_images\\travels-in-neopia\\green lutari.jpg', 10),
(1269, 'green poogle', 'downloaded_images\\travels-in-neopia\\green poogle.jpg', 10),
(1270, 'green quiggle', 'downloaded_images\\travels-in-neopia\\green quiggle.jpg', 10),
(1271, 'green scorchio', 'downloaded_images\\travels-in-neopia\\green scorchio.jpg', 10),
(1272, 'green usul', 'downloaded_images\\travels-in-neopia\\green usul.jpg', 10),
(1273, 'hannah the cursed', 'downloaded_images\\travels-in-neopia\\hannah the cursed.jpg', 10),
(1274, 'happy negg', 'downloaded_images\\travels-in-neopia\\happy negg.jpg', 10),
(1275, 'harris', 'downloaded_images\\travels-in-neopia\\harris.jpg', 10),
(1276, 'hubrid nox', 'downloaded_images\\travels-in-neopia\\hubrid nox.jpg', 10),
(1277, 'illusens charm', 'downloaded_images\\travels-in-neopia\\illusens charm.jpg', 10),
(1278, 'illusens ring', 'downloaded_images\\travels-in-neopia\\illusens ring.jpg', 10),
(1279, 'illusens staff', 'downloaded_images\\travels-in-neopia\\illusens staff.jpg', 10),
(1280, 'invisible dogelfox', 'downloaded_images\\travels-in-neopia\\invisible dogelfox.jpg', 10),
(1281, 'island angelpuss', 'downloaded_images\\travels-in-neopia\\island angelpuss.jpg', 10),
(1282, 'island lei', 'downloaded_images\\travels-in-neopia\\island lei.jpg', 10),
(1283, 'island paint brush', 'downloaded_images\\travels-in-neopia\\island paint brush.jpg', 10),
(1284, 'ixi courtier', 'downloaded_images\\travels-in-neopia\\ixi courtier.jpg', 10),
(1285, 'jeran plushie', 'downloaded_images\\travels-in-neopia\\jeran plushie.jpg', 10),
(1286, 'jerdana', 'downloaded_images\\travels-in-neopia\\jerdana.jpg', 10),
(1287, 'jerdanas orb', 'downloaded_images\\travels-in-neopia\\jerdanas orb.jpg', 10),
(1288, 'jhudora', 'downloaded_images\\travels-in-neopia\\jhudora.jpg', 10),
(1289, 'jhudoras storm', 'downloaded_images\\travels-in-neopia\\jhudoras storm.jpg', 10),
(1290, 'kacheek thief', 'downloaded_images\\travels-in-neopia\\kacheek thief.jpg', 10),
(1291, 'kreludor', 'downloaded_images\\travels-in-neopia\\kreludor.jpg', 10),
(1292, 'lab ray', 'downloaded_images\\travels-in-neopia\\lab ray.jpg', 10),
(1293, 'lost desert paint brush', 'downloaded_images\\travels-in-neopia\\lost desert paint brush.jpg', 10),
(1294, 'lucky coin', 'downloaded_images\\travels-in-neopia\\lucky coin.jpg', 10),
(1295, 'magic lottery ticket', 'downloaded_images\\travels-in-neopia\\magic lottery ticket.jpg', 10),
(1296, 'malevolent sentient poogle plushie', 'downloaded_images\\travels-in-neopia\\malevolent sentient poogle plushie.jpg', 10),
(1297, 'maractite shield', 'downloaded_images\\travels-in-neopia\\maractite shield.jpg', 10),
(1298, 'maraquan paint brush', 'downloaded_images\\travels-in-neopia\\maraquan paint brush.jpg', 10),
(1299, 'maraquan scorchio', 'downloaded_images\\travels-in-neopia\\maraquan scorchio.jpg', 10),
(1300, 'masila', 'downloaded_images\\travels-in-neopia\\masila.jpg', 10),
(1301, 'mazzew', 'downloaded_images\\travels-in-neopia\\mazzew.jpg', 10),
(1302, 'meepit', 'downloaded_images\\travels-in-neopia\\meepit.jpg', 10),
(1303, 'meerca catapult', 'downloaded_images\\travels-in-neopia\\meerca catapult.jpg', 10),
(1304, 'moehog chef', 'downloaded_images\\travels-in-neopia\\moehog chef.jpg', 10),
(1305, 'money tree ghosts', 'downloaded_images\\travels-in-neopia\\money tree ghosts.jpg', 10),
(1306, 'mootix', 'downloaded_images\\travels-in-neopia\\mootix.jpg', 10),
(1307, 'nereid the water faerie', 'downloaded_images\\travels-in-neopia\\nereid the water faerie.jpg', 10),
(1308, 'new maraqua', 'downloaded_images\\travels-in-neopia\\new maraqua.jpg', 10),
(1309, 'niptor', 'downloaded_images\\travels-in-neopia\\niptor.jpg', 10),
(1310, 'noil', 'downloaded_images\\travels-in-neopia\\noil.jpg', 10),
(1311, 'nuria', 'downloaded_images\\travels-in-neopia\\nuria.jpg', 10),
(1312, 'ona', 'downloaded_images\\travels-in-neopia\\ona.jpg', 10),
(1313, 'orange mynci', 'downloaded_images\\travels-in-neopia\\orange mynci.jpg', 10),
(1314, 'pant devil attacks', 'downloaded_images\\travels-in-neopia\\pant devil attacks.jpg', 10),
(1315, 'pawkeet', 'downloaded_images\\travels-in-neopia\\pawkeet.jpg', 10),
(1316, 'polarchuck', 'downloaded_images\\travels-in-neopia\\polarchuck.jpg', 10),
(1317, 'princess amira', 'downloaded_images\\travels-in-neopia\\princess amira.jpg', 10),
(1318, 'purple shoyru', 'downloaded_images\\travels-in-neopia\\purple shoyru.jpg', 10),
(1319, 'quiggle scout', 'downloaded_images\\travels-in-neopia\\quiggle scout.jpg', 10),
(1320, 'red bori', 'downloaded_images\\travels-in-neopia\\red bori.jpg', 10),
(1321, 'red elephante', 'downloaded_images\\travels-in-neopia\\red elephante.jpg', 10),
(1322, 'red flotsam', 'downloaded_images\\travels-in-neopia\\red flotsam.jpg', 10),
(1323, 'red ixi', 'downloaded_images\\travels-in-neopia\\red ixi.jpg', 10),
(1324, 'red jetsam', 'downloaded_images\\travels-in-neopia\\red jetsam.jpg', 10),
(1325, 'red kau', 'downloaded_images\\travels-in-neopia\\red kau.jpg', 10),
(1326, 'red krawk', 'downloaded_images\\travels-in-neopia\\red krawk.jpg', 10),
(1327, 'red lupe', 'downloaded_images\\travels-in-neopia\\red lupe.jpg', 10),
(1328, 'red paint brush', 'downloaded_images\\travels-in-neopia\\red paint brush.jpg', 10),
(1329, 'red tuskaninny', 'downloaded_images\\travels-in-neopia\\red tuskaninny.jpg', 10),
(1330, 'red uni', 'downloaded_images\\travels-in-neopia\\red uni.jpg', 10),
(1331, 'red zafara', 'downloaded_images\\travels-in-neopia\\red zafara.jpg', 10),
(1332, 'rocket boots', 'downloaded_images\\travels-in-neopia\\rocket boots.jpg', 10),
(1333, 'sakhmet city', 'downloaded_images\\travels-in-neopia\\sakhmet city.jpg', 10),
(1334, 'sceptre of banishing', 'downloaded_images\\travels-in-neopia\\sceptre of banishing.jpg', 10),
(1335, 'scurvy island', 'downloaded_images\\travels-in-neopia\\scurvy island.jpg', 10),
(1336, 'shadow hissi', 'downloaded_images\\travels-in-neopia\\shadow hissi.jpg', 10),
(1337, 'shoyru plushie', 'downloaded_images\\travels-in-neopia\\shoyru plushie.jpg', 10),
(1338, 'slorg', 'downloaded_images\\travels-in-neopia\\slorg.jpg', 10),
(1339, 'sloths master plan', 'downloaded_images\\travels-in-neopia\\sloths master plan.jpg', 10),
(1340, 'snow bruce', 'downloaded_images\\travels-in-neopia\\snow bruce.jpg', 10),
(1341, 'snow paint brush', 'downloaded_images\\travels-in-neopia\\snow paint brush.jpg', 10),
(1342, 'snowball cannon', 'downloaded_images\\travels-in-neopia\\snowball cannon.jpg', 10),
(1343, 'snowball flurry', 'downloaded_images\\travels-in-neopia\\snowball flurry.jpg', 10),
(1344, 'snowickle', 'downloaded_images\\travels-in-neopia\\snowickle.jpg', 10),
(1345, 'something will happen', 'downloaded_images\\travels-in-neopia\\something will happen.jpg', 10),
(1346, 'sophie the swamp witch', 'downloaded_images\\travels-in-neopia\\sophie the swamp witch.jpg', 10),
(1347, 'space faerie circlet', 'downloaded_images\\travels-in-neopia\\space faerie circlet.jpg', 10),
(1348, 'space faerie', 'downloaded_images\\travels-in-neopia\\space faerie.jpg', 10),
(1349, 'spike trap', 'downloaded_images\\travels-in-neopia\\spike trap.jpg', 10),
(1350, 'spotted meowclops', 'downloaded_images\\travels-in-neopia\\spotted meowclops.jpg', 10),
(1351, 'starberry', 'downloaded_images\\travels-in-neopia\\starberry.jpg', 10),
(1352, 'starry cybunny', 'downloaded_images\\travels-in-neopia\\starry cybunny.jpg', 10),
(1353, 'starry negg', 'downloaded_images\\travels-in-neopia\\starry negg.jpg', 10),
(1354, 'starry paint brush', 'downloaded_images\\travels-in-neopia\\starry paint brush.jpg', 10),
(1355, 'strawberry brucicle', 'downloaded_images\\travels-in-neopia\\strawberry brucicle.jpg', 10),
(1356, 'taelia the snow faerie', 'downloaded_images\\travels-in-neopia\\taelia the snow faerie.jpg', 10),
(1357, 'tiki bomb', 'downloaded_images\\travels-in-neopia\\tiki bomb.jpg', 10),
(1358, 'trading post', 'downloaded_images\\travels-in-neopia\\trading post.jpg', 10),
(1359, 'tribal blowgun', 'downloaded_images\\travels-in-neopia\\tribal blowgun.jpg', 10),
(1360, 'tura kepek', 'downloaded_images\\travels-in-neopia\\tura kepek.jpg', 10),
(1361, 'turmac', 'downloaded_images\\travels-in-neopia\\turmac.jpg', 10),
(1362, 'vanishing city', 'downloaded_images\\travels-in-neopia\\vanishing city.jpg', 10),
(1363, 'wand of ice', 'downloaded_images\\travels-in-neopia\\wand of ice.jpg', 10),
(1364, 'warf rescue team', 'downloaded_images\\travels-in-neopia\\warf rescue team.jpg', 10),
(1365, 'warf', 'downloaded_images\\travels-in-neopia\\warf.jpg', 10),
(1366, 'white hasee', 'downloaded_images\\travels-in-neopia\\white hasee.jpg', 10),
(1367, 'white primella', 'downloaded_images\\travels-in-neopia\\white primella.jpg', 10),
(1368, 'wishing well', 'downloaded_images\\travels-in-neopia\\wishing well.jpg', 10),
(1369, 'xarthab', 'downloaded_images\\travels-in-neopia\\xarthab.jpg', 10),
(1370, 'yellow acara', 'downloaded_images\\travels-in-neopia\\yellow acara.jpg', 10),
(1371, 'yellow bruce', 'downloaded_images\\travels-in-neopia\\yellow bruce.jpg', 10),
(1372, 'yellow buzz', 'downloaded_images\\travels-in-neopia\\yellow buzz.jpg', 10),
(1373, 'yellow chomby', 'downloaded_images\\travels-in-neopia\\yellow chomby.jpg', 10),
(1374, 'yellow hissi', 'downloaded_images\\travels-in-neopia\\yellow hissi.jpg', 10),
(1375, 'yellow jubjub', 'downloaded_images\\travels-in-neopia\\yellow jubjub.jpg', 10),
(1376, 'yellow korbat', 'downloaded_images\\travels-in-neopia\\yellow korbat.jpg', 10),
(1377, 'yellow kyrii', 'downloaded_images\\travels-in-neopia\\yellow kyrii.jpg', 10),
(1378, 'yellow lenny', 'downloaded_images\\travels-in-neopia\\yellow lenny.jpg', 10),
(1379, 'yellow meerca', 'downloaded_images\\travels-in-neopia\\yellow meerca.jpg', 10),
(1380, 'yellow paint brush', 'downloaded_images\\travels-in-neopia\\yellow paint brush.jpg', 10),
(1381, 'yellow pteri', 'downloaded_images\\travels-in-neopia\\yellow pteri.jpg', 10),
(1382, 'yellow ruki', 'downloaded_images\\travels-in-neopia\\yellow ruki.jpg', 10),
(1383, 'yellow techo', 'downloaded_images\\travels-in-neopia\\yellow techo.jpg', 10),
(1384, 'ylana skyfire', 'downloaded_images\\travels-in-neopia\\ylana skyfire.jpg', 10),
(1385, 'zafara princess', 'downloaded_images\\travels-in-neopia\\zafara princess.jpg', 10),
(1386, 'zed codestone', 'downloaded_images\\travels-in-neopia\\zed codestone.jpg', 10);

-- --------------------------------------------------------

--
-- Table structure for table `neopet_sets`
--

CREATE TABLE `neopet_sets` (
  `id` int(11) NOT NULL,
  `name` varchar(255) NOT NULL
) ENGINE=InnoDB DEFAULT CHARSET=utf8mb4 COLLATE=utf8mb4_general_ci;

--
-- Dumping data for table `neopet_sets`
--

INSERT INTO `neopet_sets` (`id`, `name`) VALUES
(1, 'base set'),
(2, 'battle for meridell'),
(6, 'curse of maraqua'),
(8, 'darkest faerie'),
(5, 'hannah and the ice caves'),
(7, 'lost desert'),
(4, 'mystery island'),
(3, 'return of dr sloth'),
(10, 'the haunted woods'),
(9, 'travels in neopia');

-- --------------------------------------------------------

--
-- Table structure for table `sets`
--

CREATE TABLE `sets` (
  `id` int(11) NOT NULL,
  `name` varchar(255) NOT NULL
) ENGINE=InnoDB DEFAULT CHARSET=utf8mb4 COLLATE=utf8mb4_general_ci;

--
-- Dumping data for table `sets`
--

INSERT INTO `sets` (`id`, `name`) VALUES
(1, 'base set'),
(2, 'battle for meridell'),
(3, 'curse of maraqua'),
(4, 'darkest faerie'),
(5, 'hannah and the ice caves'),
(6, 'lost desert'),
(7, 'mystery island'),
(8, 'return of dr sloth'),
(9, 'the haunted woods'),
(10, 'travels in neopia');

-- --------------------------------------------------------

--
-- Table structure for table `users`
--

CREATE TABLE `users` (
  `id` int(11) NOT NULL,
  `email` varchar(255) NOT NULL,
  `username` varchar(255) NOT NULL,
  `first_name` varchar(255) NOT NULL,
  `last_name` varchar(255) NOT NULL,
  `password_hash` varchar(255) NOT NULL,
  `created_at` timestamp NOT NULL DEFAULT current_timestamp(),
  `user_image` varchar(255) DEFAULT NULL
) ENGINE=InnoDB DEFAULT CHARSET=utf8mb4 COLLATE=utf8mb4_general_ci;

--
-- Dumping data for table `users`
--

INSERT INTO `users` (`id`, `email`, `username`, `first_name`, `last_name`, `password_hash`, `created_at`, `user_image`) VALUES
(7, 'fredjohnson@hotmail.com', 'fjohnson', 'fred', 'johnson', 'scrypt:32768:8:1$14sBXpLgsG2P2yRS$c1353eced39d4944e65bfc410aafc9ac963cf6090c44fe1f6718f9cd77210014a1f690eb0d0f3455f16b1ccb3d2a649f167a53812cb2c28cec863cef9560703a', '2024-03-02 20:56:31', NULL),
(8, 'kathrynecherie@gmail.com', 'kathrynecherie@gmail.com', 'kat', 'black', 'scrypt:32768:8:1$Jacb1AzObThcd2QW$307183c1da2c85597cc94e2547964ee3d1ef5eb466e41071512cade9e3a51e1b2c79cbfdef3ffd88fdd90436def7684057f9aab03357d84a14008f483e064542', '2024-03-03 18:23:25', NULL),
(10, 'testing@email.com', 'testing', 'Tester', 'Duffey', 'scrypt:32768:8:1$nCR8HMUkcffNs4t8$ca12327c000b3bcc0da494df44219444f39a315f306d0d883fc2b9c96b161f48dc42f74df826d414ac8e6cfd9f5df650974a656483e73a57a9b091ad9e6e1a0e', '2024-03-06 03:06:19', NULL),
(13, 'eliesha@email.com', 'eliesha', 'JOEY', 'duffey', 'scrypt:32768:8:1$udXya24SYQexjT15$f6a7129b5cad7d6548be8968abf12b878b5b78fe75a04ec704837663a7be5b46896363c926cc7005d6fb3e24c3f19115e93e94f3ef88e7940b98895041cfa6cd', '2024-03-06 03:46:21', NULL),
(25, 'zebduffey@hotmail.com', 'zd', 'zeb', 'duffey', 'scrypt:32768:8:1$HD4EF8F4jaMKsdsm$c4d2920324a78aea9933a322d7f171be7ef12c3875e65ad69d6ad392dbfbf7e62cce3b8a3d0ffd9484af600b5fc0d0168ee0ed5b52f0f81ade3b16f906b069ca', '2024-03-08 04:32:27', 'f6691068090a30ab.png');

--
-- Indexes for dumped tables
--

--
-- Indexes for table `cards`
--
ALTER TABLE `cards`
  ADD PRIMARY KEY (`id`),
  ADD UNIQUE KEY `api_id` (`api_id`);

--
-- Indexes for table `collection`
--
ALTER TABLE `collection`
  ADD PRIMARY KEY (`user_id`,`card_id`),
  ADD KEY `card_id` (`card_id`);

--
-- Indexes for table `mtg_cards`
--
ALTER TABLE `mtg_cards`
  ADD PRIMARY KEY (`id`),
  ADD UNIQUE KEY `multiverse_id` (`multiverse_id`);

--
-- Indexes for table `mtg_collections`
--
ALTER TABLE `mtg_collections`
  ADD PRIMARY KEY (`id`),
  ADD KEY `fk_mtg_cards_card_id` (`card_id`),
  ADD KEY `mtg_collections_ibfk_1` (`user_id`);

--
-- Indexes for table `neopets_collection`
--
ALTER TABLE `neopets_collection`
  ADD PRIMARY KEY (`id`),
  ADD UNIQUE KEY `user_id` (`user_id`,`neopet_card_id`),
  ADD KEY `neopet_card_id` (`neopet_card_id`);

--
-- Indexes for table `neopet_card`
--
ALTER TABLE `neopet_card`
  ADD PRIMARY KEY (`id`),
  ADD KEY `fk_set` (`set_id`);

--
-- Indexes for table `neopet_sets`
--
ALTER TABLE `neopet_sets`
  ADD PRIMARY KEY (`id`),
  ADD UNIQUE KEY `name` (`name`);

--
-- Indexes for table `sets`
--
ALTER TABLE `sets`
  ADD PRIMARY KEY (`id`),
  ADD UNIQUE KEY `name` (`name`);

--
-- Indexes for table `users`
--
ALTER TABLE `users`
  ADD PRIMARY KEY (`id`),
  ADD UNIQUE KEY `email` (`email`),
  ADD UNIQUE KEY `username` (`username`);

--
-- AUTO_INCREMENT for dumped tables
--

--
-- AUTO_INCREMENT for table `cards`
--
ALTER TABLE `cards`
  MODIFY `id` int(11) NOT NULL AUTO_INCREMENT, AUTO_INCREMENT=70;

--
-- AUTO_INCREMENT for table `mtg_collections`
--
ALTER TABLE `mtg_collections`
  MODIFY `id` int(11) NOT NULL AUTO_INCREMENT, AUTO_INCREMENT=47;

--
-- AUTO_INCREMENT for table `neopets_collection`
--
ALTER TABLE `neopets_collection`
  MODIFY `id` int(11) NOT NULL AUTO_INCREMENT, AUTO_INCREMENT=97;

--
-- AUTO_INCREMENT for table `neopet_card`
--
ALTER TABLE `neopet_card`
  MODIFY `id` int(11) NOT NULL AUTO_INCREMENT, AUTO_INCREMENT=1387;

--
-- AUTO_INCREMENT for table `neopet_sets`
--
ALTER TABLE `neopet_sets`
  MODIFY `id` int(11) NOT NULL AUTO_INCREMENT, AUTO_INCREMENT=11;

--
-- AUTO_INCREMENT for table `sets`
--
ALTER TABLE `sets`
  MODIFY `id` int(11) NOT NULL AUTO_INCREMENT, AUTO_INCREMENT=11;

--
-- AUTO_INCREMENT for table `users`
--
ALTER TABLE `users`
  MODIFY `id` int(11) NOT NULL AUTO_INCREMENT, AUTO_INCREMENT=26;

--
-- Constraints for dumped tables
--

--
-- Constraints for table `collection`
--
ALTER TABLE `collection`
  ADD CONSTRAINT `collection_ibfk_1` FOREIGN KEY (`user_id`) REFERENCES `users` (`id`) ON DELETE CASCADE,
  ADD CONSTRAINT `collection_ibfk_2` FOREIGN KEY (`card_id`) REFERENCES `cards` (`id`) ON DELETE CASCADE;

--
-- Constraints for table `mtg_collections`
--
ALTER TABLE `mtg_collections`
  ADD CONSTRAINT `fk_mtg_cards_card_id` FOREIGN KEY (`card_id`) REFERENCES `mtg_cards` (`id`),
  ADD CONSTRAINT `mtg_collections_ibfk_1` FOREIGN KEY (`user_id`) REFERENCES `users` (`id`) ON DELETE CASCADE;

--
-- Constraints for table `neopets_collection`
--
ALTER TABLE `neopets_collection`
  ADD CONSTRAINT `neopets_collection_ibfk_1` FOREIGN KEY (`user_id`) REFERENCES `users` (`id`) ON DELETE CASCADE,
  ADD CONSTRAINT `neopets_collection_ibfk_2` FOREIGN KEY (`neopet_card_id`) REFERENCES `neopet_card` (`id`);

--
-- Constraints for table `neopet_card`
--
ALTER TABLE `neopet_card`
  ADD CONSTRAINT `fk_set` FOREIGN KEY (`set_id`) REFERENCES `sets` (`id`);
COMMIT;

/*!40101 SET CHARACTER_SET_CLIENT=@OLD_CHARACTER_SET_CLIENT */;
/*!40101 SET CHARACTER_SET_RESULTS=@OLD_CHARACTER_SET_RESULTS */;
/*!40101 SET COLLATION_CONNECTION=@OLD_COLLATION_CONNECTION */;
